sample_id,ambient_temp_C,coal_surface_temp_C,delta_T_C,delta_T_rate_per_hr,humidity_pct,solar_radiation_Wm2,wind_speed_kmh,rainfall_last_24h_mm,soil_moisture_pct,coal_surface_moisture_pct,pile_age_days,coal_type_volatile_pct,pile_compaction,crack_width_mm,hotspot_detected,vegetation_stress_index,shc_risk,data_source
SYN-00001,28.2,54.9,26.67,3.864,45.7,564.8,13.1,20.8,7.5,3.6,73,31.4,1,1.79,0,1,0,synthetic_physics_based
SYN-00002,40.9,67.0,26.1,1.541,44.8,774.9,3.9,0.0,17.4,9.4,71,18.6,0,2.15,0,1,0,synthetic_physics_based
SYN-00003,36.1,56.4,20.29,2.995,84.4,734.1,17.5,17.3,9.2,2.7,48,29.7,1,4.23,0,0,0,synthetic_physics_based
SYN-00004,33.2,52.0,18.82,0.515,45.0,188.5,12.5,0.0,11.4,4.3,74,29.1,0,3.55,0,2,0,synthetic_physics_based
SYN-00005,23.4,35.6,12.17,1.144,46.3,184.3,3.6,8.1,8.2,8.3,9,24.9,1,1.98,0,0,0,synthetic_physics_based
SYN-00006,23.4,42.9,19.48,1.426,75.6,291.4,19.3,1.7,11.0,4.2,86,22.0,1,4.95,0,2,0,synthetic_physics_based
SYN-00007,21.3,35.7,14.45,1.145,57.0,375.0,10.6,13.7,15.9,6.1,23,34.2,0,1.92,0,0,0,synthetic_physics_based
SYN-00008,39.1,57.3,18.21,1.79,76.6,417.6,1.9,0.0,5.1,1.7,71,19.1,1,1.25,0,1,0,synthetic_physics_based
SYN-00009,33.2,56.2,23.02,0.554,33.9,661.7,12.7,0.0,5.0,3.4,73,19.4,1,0.58,0,2,1,synthetic_physics_based
SYN-00010,35.6,43.9,8.37,1.113,59.3,101.0,5.4,23.3,16.0,9.6,27,26.8,0,0.72,0,0,0,synthetic_physics_based
SYN-00011,20.5,30.4,9.98,4.477,32.0,81.2,16.2,0.0,17.8,8.3,88,23.1,0,0.69,0,2,1,synthetic_physics_based
SYN-00012,41.3,71.4,30.09,1.556,33.8,402.7,16.4,0.0,13.5,7.6,81,32.9,0,2.68,1,2,1,synthetic_physics_based
SYN-00013,38.3,68.0,29.65,3.392,84.4,677.4,19.6,0.0,6.5,2.7,84,30.7,1,0.38,0,2,1,synthetic_physics_based
SYN-00014,24.7,54.8,30.1,2.601,38.4,224.1,10.3,15.2,11.2,6.4,71,33.5,1,1.4,1,2,1,synthetic_physics_based
SYN-00015,24.0,39.4,15.44,0.703,61.9,627.4,9.4,24.1,17.4,9.1,43,24.5,0,0.95,0,1,0,synthetic_physics_based
SYN-00016,24.0,28.5,4.48,1.027,54.7,283.8,15.2,0.0,16.0,7.8,7,32.8,0,0.63,0,0,0,synthetic_physics_based
SYN-00017,26.7,73.8,47.12,1.207,50.8,847.5,3.1,0.0,5.1,1.8,83,35.2,1,2.55,1,1,1,synthetic_physics_based
SYN-00018,31.5,60.8,29.26,3.584,84.0,856.1,11.2,0.0,21.4,8.5,63,24.9,1,0.74,0,1,1,synthetic_physics_based
SYN-00019,29.5,47.6,18.13,1.472,31.3,317.6,11.2,7.2,7.2,3.7,84,24.8,1,2.01,0,2,0,synthetic_physics_based
SYN-00020,26.4,44.1,17.73,1.301,69.8,257.0,2.2,0.0,7.2,3.8,44,36.0,1,4.84,0,1,0,synthetic_physics_based
SYN-00021,33.5,41.3,7.82,0.242,87.8,420.2,8.7,10.9,11.7,4.3,39,19.0,0,5.27,0,0,0,synthetic_physics_based
SYN-00022,23.1,36.5,13.43,0.947,63.6,266.5,17.1,0.0,9.2,4.6,40,25.0,0,1.02,0,0,0,synthetic_physics_based
SYN-00023,26.4,34.7,8.29,1.385,86.2,655.1,17.2,0.0,21.7,11.5,7,20.4,0,0.36,0,0,0,synthetic_physics_based
SYN-00024,28.1,58.7,30.64,1.927,33.1,793.5,2.4,0.0,4.5,1.0,70,18.6,1,2.72,1,2,1,synthetic_physics_based
SYN-00025,30.0,46.2,16.18,0.294,55.1,655.8,2.3,3.4,8.8,3.7,25,20.3,0,0.94,0,0,0,synthetic_physics_based
SYN-00026,37.3,64.7,27.48,2.211,45.6,791.9,5.6,0.0,10.3,4.4,59,26.6,0,4.77,0,1,1,synthetic_physics_based
SYN-00027,24.4,38.0,13.61,0.378,73.8,407.3,17.6,10.7,12.4,7.1,13,31.7,1,1.12,0,0,0,synthetic_physics_based
SYN-00028,31.3,55.3,24.0,1.962,88.9,190.7,3.0,29.4,3.3,3.7,86,23.8,0,4.94,0,1,0,synthetic_physics_based
SYN-00029,33.0,64.8,31.73,2.767,45.4,714.2,14.5,0.0,4.6,2.6,81,35.0,0,0.46,1,1,1,synthetic_physics_based
SYN-00030,21.0,46.1,25.13,2.694,69.3,374.4,2.5,0.0,7.9,6.1,86,26.8,1,3.73,0,2,1,synthetic_physics_based
SYN-00031,33.4,60.9,27.51,3.449,41.9,654.1,12.7,13.8,13.5,7.1,62,37.4,0,1.33,0,2,1,synthetic_physics_based
SYN-00032,23.8,39.2,15.44,1.404,63.9,293.6,7.4,0.0,17.6,10.2,8,37.1,0,0.57,0,0,0,synthetic_physics_based
SYN-00033,21.4,26.6,5.13,1.264,57.8,123.1,15.9,1.4,16.0,8.9,45,33.5,1,1.94,0,1,0,synthetic_physics_based
SYN-00034,40.9,58.9,17.99,1.363,88.3,943.3,5.1,4.6,13.8,11.2,18,36.6,0,1.77,0,0,0,synthetic_physics_based
SYN-00035,41.2,67.1,25.85,2.249,66.5,190.6,13.0,0.0,10.5,5.6,88,32.1,0,1.54,0,2,0,synthetic_physics_based
SYN-00036,37.8,70.8,33.02,3.378,51.0,939.6,5.1,0.0,19.5,11.9,60,35.9,1,1.12,1,2,1,synthetic_physics_based
SYN-00037,26.7,53.0,26.31,0.694,36.8,929.6,14.4,20.9,11.7,6.8,60,22.7,0,4.29,0,1,0,synthetic_physics_based
SYN-00038,22.1,34.4,12.29,0.385,39.1,764.4,17.5,12.2,8.7,6.5,2,24.9,1,0.45,0,0,0,synthetic_physics_based
SYN-00039,35.1,62.4,27.37,2.581,43.5,643.5,3.0,0.0,15.0,9.2,66,33.1,0,2.75,0,2,1,synthetic_physics_based
SYN-00040,29.7,42.7,13.0,1.227,45.1,570.0,17.4,0.0,16.2,9.4,14,26.5,1,1.69,0,0,0,synthetic_physics_based
SYN-00041,22.7,51.3,28.6,3.212,81.0,829.5,12.1,0.0,10.6,4.1,48,34.7,0,5.2,0,0,1,synthetic_physics_based
SYN-00042,30.9,59.3,28.37,0.488,63.7,310.5,3.0,0.0,3.5,1.0,56,35.6,0,0.24,0,2,1,synthetic_physics_based
SYN-00043,20.8,37.7,16.92,0.308,61.4,470.9,8.8,0.0,4.8,1.7,12,24.0,0,1.62,0,0,0,synthetic_physics_based
SYN-00044,40.0,66.3,26.32,2.341,36.9,607.5,3.6,0.0,19.1,10.0,55,34.5,1,4.5,0,0,1,synthetic_physics_based
SYN-00045,25.7,35.2,9.48,1.4,81.6,420.1,14.2,5.5,4.1,2.4,28,21.1,1,0.92,0,0,0,synthetic_physics_based
SYN-00046,34.6,57.7,23.15,3.817,73.4,434.7,15.3,0.9,14.2,6.9,89,24.7,0,1.06,0,2,1,synthetic_physics_based
SYN-00047,26.9,28.0,1.16,0.569,34.1,347.3,2.6,0.0,6.5,1.0,4,28.4,1,0.88,0,0,0,synthetic_physics_based
SYN-00048,31.4,50.7,19.26,1.372,72.5,557.8,10.4,0.0,7.3,5.6,36,22.5,0,2.4,0,0,0,synthetic_physics_based
SYN-00049,32.0,56.8,24.81,1.828,62.6,815.5,16.4,0.0,8.2,5.2,50,29.6,1,1.12,0,1,0,synthetic_physics_based
SYN-00050,24.1,30.2,6.13,1.069,34.9,231.4,18.8,0.0,3.7,2.1,3,29.6,0,1.59,0,0,0,synthetic_physics_based
SYN-00051,41.3,56.9,15.58,0.151,57.5,891.0,10.5,0.0,6.4,5.4,1,22.1,1,1.35,0,0,0,synthetic_physics_based
SYN-00052,37.1,49.6,12.51,0.667,59.1,670.2,19.0,0.0,15.4,7.2,17,33.9,1,1.02,0,0,0,synthetic_physics_based
SYN-00053,40.7,67.7,27.01,2.145,39.9,790.9,10.9,20.7,12.5,6.7,71,30.6,1,5.3,0,1,0,synthetic_physics_based
SYN-00054,39.7,58.9,19.24,1.66,86.7,550.6,8.2,7.9,18.1,10.2,62,24.4,0,6.41,0,1,0,synthetic_physics_based
SYN-00055,33.2,55.9,22.71,1.602,81.0,751.6,17.0,0.0,4.2,1.7,48,22.6,0,4.22,0,0,0,synthetic_physics_based
SYN-00056,40.3,59.0,18.75,3.439,70.1,64.6,10.1,0.0,19.9,9.7,62,35.6,1,1.68,0,2,1,synthetic_physics_based
SYN-00057,21.9,46.9,24.97,3.44,57.7,786.5,9.7,0.0,21.9,13.4,69,34.7,0,1.7,0,1,1,synthetic_physics_based
SYN-00058,24.3,25.1,0.78,0.834,54.7,86.1,10.1,0.0,3.3,2.2,19,22.6,0,0.26,0,0,0,synthetic_physics_based
SYN-00059,21.0,38.6,17.57,1.314,69.1,850.9,17.0,0.0,21.4,12.7,34,18.7,0,0.2,0,0,0,synthetic_physics_based
SYN-00060,27.2,55.6,28.44,2.449,62.7,942.8,16.7,0.0,7.5,2.9,49,34.1,0,1.41,0,0,0,synthetic_physics_based
SYN-00061,28.6,55.4,26.88,0.42,33.7,314.7,8.4,0.0,16.2,10.1,80,30.3,0,5.55,0,1,1,synthetic_physics_based
SYN-00062,26.0,37.6,11.64,0.577,60.8,239.3,7.0,0.0,8.6,3.8,47,20.0,1,1.56,0,0,0,synthetic_physics_based
SYN-00063,38.2,60.6,22.39,1.912,78.4,738.8,10.1,20.0,12.9,7.5,50,29.7,1,2.39,0,0,0,synthetic_physics_based
SYN-00064,27.8,50.4,22.5,3.449,57.6,277.7,11.7,22.0,12.7,10.0,89,27.0,1,0.62,0,2,0,synthetic_physics_based
SYN-00065,26.2,47.2,21.02,1.148,33.1,829.0,5.1,0.0,9.9,6.7,26,33.5,0,1.74,0,0,0,synthetic_physics_based
SYN-00066,31.9,46.0,14.09,0.425,77.2,142.6,16.0,25.9,16.6,9.7,56,22.2,1,2.07,0,1,0,synthetic_physics_based
SYN-00067,23.1,41.6,18.54,1.846,42.1,163.4,10.0,0.0,14.4,9.9,78,27.1,1,1.78,0,2,0,synthetic_physics_based
SYN-00068,37.6,50.5,12.81,0.495,45.5,931.2,7.0,0.0,12.7,6.1,14,21.1,1,0.18,0,0,0,synthetic_physics_based
SYN-00069,21.6,55.3,33.69,3.724,39.9,656.5,2.6,16.2,21.7,12.7,78,37.2,0,6.14,1,1,1,synthetic_physics_based
SYN-00070,41.7,58.8,17.1,0.783,49.8,812.2,5.2,2.9,20.9,10.2,25,33.6,1,0.95,0,0,0,synthetic_physics_based
SYN-00071,37.0,44.6,7.62,0.626,75.4,341.9,19.0,0.0,21.2,11.1,4,32.7,1,0.58,0,0,0,synthetic_physics_based
SYN-00072,24.4,61.3,36.9,3.285,61.2,658.8,6.4,0.0,19.7,13.2,79,31.8,1,5.47,1,1,1,synthetic_physics_based
SYN-00073,20.1,30.9,10.76,1.15,42.3,584.8,3.8,0.0,7.8,4.7,32,26.5,0,1.52,0,0,0,synthetic_physics_based
SYN-00074,37.9,76.4,38.44,1.044,82.7,592.8,9.5,29.7,9.6,7.4,82,36.5,0,3.0,1,2,0,synthetic_physics_based
SYN-00075,35.6,60.3,24.79,2.122,82.8,664.3,6.5,0.0,7.4,3.9,78,19.5,0,4.06,0,2,1,synthetic_physics_based
SYN-00076,36.0,67.5,31.51,2.905,82.2,567.8,1.2,0.0,21.7,13.8,65,34.1,1,4.17,1,2,1,synthetic_physics_based
SYN-00077,37.0,53.3,16.28,0.409,44.3,436.2,6.8,18.3,5.9,3.3,61,22.3,0,0.67,0,1,0,synthetic_physics_based
SYN-00078,21.6,24.6,2.93,1.112,57.1,298.3,11.1,0.0,10.0,5.7,20,24.5,1,0.85,0,0,0,synthetic_physics_based
SYN-00079,27.9,57.5,29.63,0.951,89.1,741.7,11.3,0.0,6.8,3.8,74,28.4,1,3.46,0,2,1,synthetic_physics_based
SYN-00080,22.5,34.9,12.36,1.458,76.3,253.6,7.5,23.2,7.2,4.5,10,33.7,1,0.85,0,0,0,synthetic_physics_based
SYN-00081,39.0,70.4,31.44,3.84,31.6,673.1,9.2,0.0,7.7,3.8,88,34.8,1,5.08,1,2,1,synthetic_physics_based
SYN-00082,33.7,42.4,8.72,0.184,33.9,260.0,19.3,0.0,15.2,6.3,34,29.7,1,0.59,0,0,0,synthetic_physics_based
SYN-00083,27.3,52.3,25.04,0.451,57.8,612.8,7.9,20.1,4.4,2.4,61,26.1,1,3.28,0,1,0,synthetic_physics_based
SYN-00084,21.4,38.9,17.52,0.277,84.6,722.4,5.5,0.0,13.9,7.8,27,36.9,0,1.54,0,0,0,synthetic_physics_based
SYN-00085,26.8,44.9,18.07,0.793,62.3,246.8,5.2,0.0,18.6,12.7,40,22.9,1,5.15,0,0,0,synthetic_physics_based
SYN-00086,27.2,49.5,22.38,1.678,59.9,103.9,9.4,7.6,17.6,6.3,65,34.1,1,5.49,0,1,0,synthetic_physics_based
SYN-00087,36.1,44.0,7.94,0.884,36.3,167.9,15.3,0.0,5.9,5.7,33,30.2,0,1.33,0,0,0,synthetic_physics_based
SYN-00088,34.0,55.4,21.36,0.987,69.4,595.4,4.5,0.0,20.4,12.8,68,25.5,1,2.25,0,2,0,synthetic_physics_based
SYN-00089,39.5,60.8,21.24,3.563,79.3,814.5,14.3,0.0,17.6,10.7,71,18.0,0,3.67,0,2,1,synthetic_physics_based
SYN-00090,30.4,33.6,3.24,0.111,52.8,90.5,0.9,0.0,3.1,1.9,9,26.9,0,1.0,0,0,0,synthetic_physics_based
SYN-00091,22.6,38.2,15.52,1.223,76.5,710.7,8.7,0.0,17.0,7.8,16,23.5,0,0.09,0,0,0,synthetic_physics_based
SYN-00092,35.7,43.1,7.39,0.97,87.9,357.2,15.6,8.9,17.0,12.3,5,20.1,0,0.56,0,0,0,synthetic_physics_based
SYN-00093,36.7,43.5,6.76,0.257,42.2,480.7,7.1,0.0,12.4,8.7,23,19.5,1,0.74,0,0,0,synthetic_physics_based
SYN-00094,32.3,58.7,26.38,0.946,61.4,886.0,11.5,0.0,3.9,2.5,43,25.0,1,4.29,0,1,0,synthetic_physics_based
SYN-00095,37.0,63.4,26.42,3.504,47.2,348.8,4.5,26.1,14.0,8.1,89,30.3,1,0.77,0,1,0,synthetic_physics_based
SYN-00096,30.9,50.8,19.91,0.806,77.6,468.8,15.0,0.0,17.5,9.5,57,34.8,1,6.52,0,2,0,synthetic_physics_based
SYN-00097,31.5,39.7,8.18,3.504,64.7,62.3,1.5,18.5,8.1,5.4,51,21.7,0,3.23,0,0,0,synthetic_physics_based
SYN-00098,29.4,38.2,8.83,0.586,68.1,123.4,17.1,11.5,15.7,8.6,13,26.5,0,0.09,0,0,0,synthetic_physics_based
SYN-00099,20.6,30.9,10.3,0.367,77.9,282.7,4.4,2.4,9.7,5.8,24,25.8,1,0.52,0,0,0,synthetic_physics_based
SYN-00100,22.4,27.2,4.84,0.365,53.8,75.1,17.6,0.0,13.9,8.3,11,28.3,1,0.34,0,0,0,synthetic_physics_based
SYN-00101,20.7,40.3,19.64,1.881,84.9,618.2,7.4,16.4,10.3,9.3,52,34.2,0,6.02,0,0,0,synthetic_physics_based
SYN-00102,34.0,45.4,11.42,0.706,62.0,433.8,14.6,0.0,8.8,3.5,17,29.1,1,1.01,0,0,0,synthetic_physics_based
SYN-00103,26.9,50.1,23.15,1.001,39.5,543.3,6.7,0.0,19.3,10.8,37,34.9,1,5.91,0,0,0,synthetic_physics_based
SYN-00104,31.2,30.3,-0.92,1.435,71.8,207.2,18.2,19.5,17.3,11.4,13,28.4,1,0.55,0,0,0,synthetic_physics_based
SYN-00105,40.0,58.7,18.71,3.522,77.6,316.3,3.0,0.0,9.6,6.5,62,30.1,0,0.43,0,1,0,synthetic_physics_based
SYN-00106,25.5,56.6,31.11,4.461,49.0,647.4,4.0,1.2,11.3,7.2,84,26.7,1,4.76,1,2,1,synthetic_physics_based
SYN-00107,29.0,46.4,17.4,1.271,81.4,918.8,10.1,0.0,16.1,13.4,8,34.5,1,0.7,0,0,0,synthetic_physics_based
SYN-00108,36.6,50.8,14.15,1.451,84.4,95.4,2.1,10.0,18.4,11.8,56,36.5,1,2.94,0,1,0,synthetic_physics_based
SYN-00109,25.0,61.0,35.95,3.413,46.6,851.3,4.3,0.0,16.0,7.9,83,30.8,0,3.2,1,2,1,synthetic_physics_based
SYN-00110,21.7,45.7,24.04,4.173,89.0,569.2,18.9,0.0,13.3,6.2,70,34.4,1,3.55,0,2,1,synthetic_physics_based
SYN-00111,26.4,38.6,12.24,1.1,38.4,557.5,19.5,3.5,21.1,11.6,44,19.2,1,4.7,0,0,0,synthetic_physics_based
SYN-00112,23.5,46.1,22.59,0.3,42.1,500.3,7.8,24.0,17.7,9.1,60,36.1,0,5.14,0,1,0,synthetic_physics_based
SYN-00113,40.5,55.7,15.26,1.481,41.1,112.5,18.5,0.0,5.2,3.0,41,21.8,0,5.48,0,0,0,synthetic_physics_based
SYN-00114,37.8,37.1,-0.64,0.94,83.6,130.9,11.1,11.9,13.6,8.0,21,23.1,1,1.86,0,0,0,synthetic_physics_based
SYN-00115,33.9,50.3,16.37,3.522,69.3,590.8,5.8,0.0,10.8,6.3,86,19.1,1,5.66,0,2,1,synthetic_physics_based
SYN-00116,39.2,58.8,19.6,0.082,39.1,356.9,14.2,28.9,18.1,6.3,42,37.3,1,1.03,0,0,0,synthetic_physics_based
SYN-00117,37.7,73.2,35.47,0.308,56.4,875.5,13.3,0.0,3.8,1.0,74,35.0,0,5.89,1,2,1,synthetic_physics_based
SYN-00118,24.1,50.8,26.66,2.63,66.9,415.9,19.8,0.0,10.8,7.0,74,36.3,1,2.83,0,1,1,synthetic_physics_based
SYN-00119,39.6,50.8,11.18,0.431,35.0,179.0,5.7,0.0,9.0,7.4,29,34.9,1,1.29,0,0,0,synthetic_physics_based
SYN-00120,31.9,56.6,24.76,3.432,82.9,693.2,13.6,0.0,5.7,2.5,80,27.6,0,3.15,0,1,1,synthetic_physics_based
SYN-00121,37.8,62.5,24.74,2.175,78.2,314.0,1.5,0.0,10.2,5.0,65,36.5,1,3.43,0,2,1,synthetic_physics_based
SYN-00122,39.7,54.0,14.3,1.188,60.3,522.9,2.7,0.0,15.8,8.5,17,37.4,0,1.05,0,0,0,synthetic_physics_based
SYN-00123,27.0,49.5,22.45,0.127,88.0,678.0,0.6,13.4,9.9,8.0,30,28.1,0,0.41,0,0,0,synthetic_physics_based
SYN-00124,22.4,48.2,25.79,0.901,55.1,860.2,20.0,0.0,14.0,7.8,26,21.5,1,0.01,0,0,0,synthetic_physics_based
SYN-00125,25.0,49.5,24.5,1.711,89.0,763.0,16.1,24.2,14.3,4.5,53,31.2,1,3.27,0,1,0,synthetic_physics_based
SYN-00126,29.4,40.5,11.14,0.653,70.1,658.7,15.8,0.0,14.2,10.5,19,37.5,0,1.88,0,0,0,synthetic_physics_based
SYN-00127,38.0,65.4,27.37,1.414,68.1,661.7,10.4,0.0,13.1,8.2,53,35.4,0,1.87,0,0,0,synthetic_physics_based
SYN-00128,38.9,77.2,38.22,4.044,40.0,901.3,6.4,0.0,5.2,1.0,85,35.2,0,1.11,1,2,1,synthetic_physics_based
SYN-00129,20.2,29.5,9.39,0.051,82.9,316.2,3.4,0.0,7.2,3.2,17,36.7,0,1.46,0,0,0,synthetic_physics_based
SYN-00130,31.2,39.1,7.87,3.809,55.6,51.0,6.1,0.0,18.2,8.8,46,35.9,0,6.2,0,0,0,synthetic_physics_based
SYN-00131,29.2,57.6,28.38,0.685,39.7,294.8,7.8,1.7,12.5,6.6,85,33.5,1,4.78,0,2,1,synthetic_physics_based
SYN-00132,24.9,44.5,19.62,0.536,30.8,246.1,15.2,0.0,16.4,11.3,53,32.4,0,6.48,0,1,0,synthetic_physics_based
SYN-00133,22.6,49.0,26.37,1.826,63.6,645.7,11.0,0.0,13.8,4.8,64,23.3,1,4.58,0,1,0,synthetic_physics_based
SYN-00134,27.4,46.4,18.98,1.43,61.6,620.3,2.0,0.0,3.7,1.5,45,30.4,0,5.94,0,0,0,synthetic_physics_based
SYN-00135,40.7,58.1,17.33,4.431,73.2,584.1,0.9,0.0,18.1,10.1,49,28.4,1,3.98,0,0,0,synthetic_physics_based
SYN-00136,27.1,31.6,4.45,0.464,83.4,64.6,2.5,9.0,4.2,2.2,19,35.2,1,0.89,0,0,0,synthetic_physics_based
SYN-00137,31.4,62.5,31.06,0.924,34.8,705.9,8.5,0.0,20.9,10.3,71,27.8,1,3.79,1,2,1,synthetic_physics_based
SYN-00138,35.5,60.0,24.56,1.782,73.9,341.2,18.7,0.0,7.1,5.7,81,20.6,0,2.38,0,1,0,synthetic_physics_based
SYN-00139,28.0,52.4,24.36,1.716,41.2,648.6,12.9,15.8,12.7,6.8,65,18.1,1,4.67,0,2,0,synthetic_physics_based
SYN-00140,41.4,62.2,20.85,0.924,81.5,550.9,16.1,0.0,4.2,1.9,37,31.6,1,6.3,0,0,0,synthetic_physics_based
SYN-00141,41.2,63.3,22.15,2.165,79.1,358.5,9.6,12.2,20.0,11.5,70,29.0,1,5.52,0,2,0,synthetic_physics_based
SYN-00142,25.5,34.0,8.44,0.438,62.4,171.1,7.6,0.0,21.6,11.5,26,24.6,1,0.68,0,0,0,synthetic_physics_based
SYN-00143,30.9,34.5,3.56,0.946,72.6,135.0,2.6,0.0,5.8,2.3,2,21.4,0,1.87,0,0,0,synthetic_physics_based
SYN-00144,26.6,51.4,24.8,2.729,48.9,798.4,17.6,0.0,8.6,3.4,59,27.3,1,6.9,0,1,1,synthetic_physics_based
SYN-00145,26.3,44.5,18.22,0.906,58.3,876.6,15.8,0.0,3.3,5.1,5,20.0,1,1.09,0,0,0,synthetic_physics_based
SYN-00146,20.8,31.7,10.9,0.671,79.3,634.8,3.8,9.0,18.0,11.1,37,24.7,1,6.08,0,0,0,synthetic_physics_based
SYN-00147,33.4,36.3,2.88,0.795,57.6,143.1,10.5,0.0,8.9,4.3,31,25.6,1,0.89,0,0,0,synthetic_physics_based
SYN-00148,31.1,47.9,16.88,3.453,51.5,411.8,10.0,0.0,14.2,9.7,76,27.3,1,0.65,0,2,0,synthetic_physics_based
SYN-00149,21.1,39.8,18.68,1.328,59.7,706.0,12.7,0.0,3.7,2.8,48,27.3,1,0.35,0,0,0,synthetic_physics_based
SYN-00150,26.1,44.5,18.39,1.155,79.7,751.8,19.0,0.0,16.6,9.2,6,23.1,1,0.03,0,0,0,synthetic_physics_based
SYN-00151,40.0,42.0,2.01,0.833,50.1,156.4,11.8,11.6,13.1,5.6,15,35.0,1,0.78,0,0,0,synthetic_physics_based
SYN-00152,25.3,24.5,-0.73,0.405,40.4,50.0,11.0,8.0,16.8,8.0,15,25.1,0,1.56,0,0,0,synthetic_physics_based
SYN-00153,23.2,42.1,18.89,2.169,72.7,690.9,1.5,0.0,18.0,11.4,61,22.6,1,1.2,0,1,0,synthetic_physics_based
SYN-00154,30.8,43.9,13.11,0.019,79.6,370.9,1.7,0.0,4.7,3.7,16,21.5,1,1.63,0,0,0,synthetic_physics_based
SYN-00155,41.7,55.8,14.15,1.089,36.0,279.0,4.2,0.0,14.0,5.6,20,24.5,0,1.72,0,0,0,synthetic_physics_based
SYN-00156,25.3,42.6,17.23,4.305,44.4,61.6,1.1,0.0,15.3,7.8,77,19.4,0,0.64,0,2,1,synthetic_physics_based
SYN-00157,34.8,54.3,19.5,0.784,38.5,536.3,15.0,0.0,12.8,8.1,44,18.7,1,3.59,0,0,0,synthetic_physics_based
SYN-00158,36.8,66.6,29.84,0.437,50.9,816.0,14.6,1.0,6.5,5.2,42,30.1,1,1.89,0,0,0,synthetic_physics_based
SYN-00159,25.2,43.9,18.65,3.565,57.0,911.9,3.2,0.0,18.1,10.7,46,30.4,0,2.07,0,0,0,synthetic_physics_based
SYN-00160,36.0,47.9,11.89,0.023,74.9,559.2,16.8,0.0,22.0,11.4,34,28.6,1,0.37,0,0,0,synthetic_physics_based
SYN-00161,28.1,50.8,22.72,3.471,69.1,513.0,3.5,0.0,21.4,12.1,64,33.2,1,6.91,0,2,1,synthetic_physics_based
SYN-00162,33.9,40.8,6.87,1.066,67.3,126.6,6.4,0.0,17.8,9.5,29,18.8,1,1.71,0,0,0,synthetic_physics_based
SYN-00163,33.9,43.8,9.89,0.982,51.1,544.0,5.4,0.0,10.9,6.6,3,36.7,0,1.06,0,0,0,synthetic_physics_based
SYN-00164,31.8,39.9,8.12,1.317,80.5,392.0,7.8,0.0,9.4,7.4,9,19.9,1,0.66,0,0,0,synthetic_physics_based
SYN-00165,22.0,54.1,32.08,2.66,58.3,596.4,5.5,26.2,4.3,1.2,75,31.5,1,3.6,1,1,1,synthetic_physics_based
SYN-00166,38.4,49.7,11.33,4.129,88.7,399.9,10.0,0.0,10.9,6.4,75,20.7,0,5.17,0,2,1,synthetic_physics_based
SYN-00167,27.1,38.0,10.93,1.027,68.0,266.3,8.4,0.0,6.0,3.1,25,35.6,0,0.65,0,0,0,synthetic_physics_based
SYN-00168,24.1,47.2,23.07,3.163,37.6,135.5,19.7,10.8,7.8,3.9,86,28.2,0,1.58,0,1,0,synthetic_physics_based
SYN-00169,20.9,31.6,10.72,1.27,70.6,333.4,1.6,0.0,19.9,10.8,42,19.6,1,4.65,0,0,0,synthetic_physics_based
SYN-00170,33.0,47.3,14.34,0.81,49.5,137.0,3.3,0.0,21.4,13.7,46,30.3,0,4.72,0,0,0,synthetic_physics_based
SYN-00171,34.9,53.2,18.26,0.546,71.2,209.2,1.5,0.0,21.0,12.4,73,18.2,1,3.33,0,1,0,synthetic_physics_based
SYN-00172,20.4,58.5,38.12,4.3,34.2,938.6,12.7,0.0,6.7,3.0,84,33.5,0,2.04,1,2,1,synthetic_physics_based
SYN-00173,31.3,61.9,30.63,2.873,40.5,449.7,1.6,0.0,20.1,12.0,59,31.0,1,5.86,1,2,1,synthetic_physics_based
SYN-00174,25.0,41.0,15.98,0.272,81.3,528.7,16.8,0.0,5.7,2.3,21,22.3,0,0.12,0,0,0,synthetic_physics_based
SYN-00175,34.2,63.9,29.71,3.901,43.6,836.3,10.5,0.0,12.6,4.3,74,25.5,1,4.68,0,2,1,synthetic_physics_based
SYN-00176,23.8,44.1,20.22,0.497,80.2,946.0,10.8,17.9,15.2,4.9,22,18.2,1,1.82,0,0,0,synthetic_physics_based
SYN-00177,35.2,54.8,19.61,0.534,46.8,574.4,11.5,0.0,11.8,7.2,29,31.9,0,1.46,0,0,0,synthetic_physics_based
SYN-00178,28.5,60.2,31.69,0.832,68.6,781.2,3.8,0.0,21.1,11.2,63,24.5,0,1.64,1,2,1,synthetic_physics_based
SYN-00179,40.6,68.3,27.72,4.109,71.6,344.2,4.4,23.9,9.3,6.6,73,29.4,1,4.62,0,1,0,synthetic_physics_based
SYN-00180,23.0,48.8,25.74,2.78,60.8,325.2,6.7,0.0,13.0,7.7,61,37.1,0,1.74,0,2,1,synthetic_physics_based
SYN-00181,27.5,43.7,16.17,3.401,48.3,412.4,12.1,0.0,4.4,2.8,64,24.0,1,3.5,0,1,1,synthetic_physics_based
SYN-00182,22.5,55.9,33.36,0.432,42.8,655.3,4.6,20.5,19.2,9.9,69,37.8,0,2.43,1,1,0,synthetic_physics_based
SYN-00183,40.3,63.2,22.84,0.671,32.0,664.0,2.8,0.0,10.9,6.8,40,30.7,0,6.75,0,1,0,synthetic_physics_based
SYN-00184,39.3,61.7,22.41,1.423,48.2,333.7,19.4,0.0,16.3,11.3,75,22.8,1,6.88,0,2,1,synthetic_physics_based
SYN-00185,25.7,25.6,-0.03,0.181,69.2,169.9,0.9,0.0,16.0,5.8,1,26.7,1,1.24,0,0,0,synthetic_physics_based
SYN-00186,34.5,64.7,30.19,1.078,86.3,619.2,16.2,6.9,15.8,8.5,65,32.8,1,6.89,1,1,0,synthetic_physics_based
SYN-00187,38.0,57.5,19.48,3.27,82.3,165.5,15.9,0.0,12.6,9.0,62,26.9,0,0.97,0,2,0,synthetic_physics_based
SYN-00188,32.2,44.9,12.73,0.48,76.0,570.6,6.3,24.0,8.3,2.8,54,19.4,0,6.95,0,0,0,synthetic_physics_based
SYN-00189,31.7,48.0,16.34,1.13,77.3,674.1,3.1,29.4,14.9,8.4,60,21.4,1,0.9,0,1,0,synthetic_physics_based
SYN-00190,25.3,53.3,27.96,1.722,69.9,680.6,3.3,0.0,21.3,10.7,46,33.8,0,3.03,0,0,0,synthetic_physics_based
SYN-00191,22.0,31.4,9.34,0.49,45.6,728.1,14.1,0.0,18.8,10.0,5,31.0,1,0.07,0,0,0,synthetic_physics_based
SYN-00192,39.7,64.4,24.64,0.075,84.4,835.6,13.0,0.0,5.1,1.0,22,29.4,0,1.49,0,0,0,synthetic_physics_based
SYN-00193,39.8,55.9,16.04,4.301,70.2,500.0,15.8,7.9,3.4,3.4,53,21.4,0,4.52,0,0,0,synthetic_physics_based
SYN-00194,33.9,66.6,32.62,4.15,63.6,707.2,18.8,18.6,12.5,7.1,70,34.8,1,4.26,1,2,1,synthetic_physics_based
SYN-00195,27.5,48.1,20.68,0.274,36.7,607.3,14.0,3.0,17.7,7.6,32,37.2,1,0.45,0,0,0,synthetic_physics_based
SYN-00196,27.7,30.0,2.28,0.792,56.8,218.0,3.5,0.0,9.0,5.6,11,18.8,1,1.01,0,0,0,synthetic_physics_based
SYN-00197,36.0,44.3,8.32,0.013,57.6,73.1,5.2,1.1,16.3,9.3,10,19.6,1,0.88,0,0,0,synthetic_physics_based
SYN-00198,39.7,54.9,15.12,0.183,81.9,306.1,16.9,0.9,20.7,10.4,39,35.7,1,0.5,0,0,0,synthetic_physics_based
SYN-00199,39.5,55.5,16.03,0.881,62.8,448.7,4.6,11.3,11.7,9.4,31,34.3,1,0.89,0,0,0,synthetic_physics_based
SYN-00200,37.2,41.8,4.61,0.446,52.8,605.4,1.9,0.0,7.6,5.0,12,30.4,1,0.77,0,0,0,synthetic_physics_based
SYN-00201,34.1,65.8,31.69,0.97,88.6,815.0,14.2,10.6,20.4,13.2,80,36.9,0,6.73,1,1,0,synthetic_physics_based
SYN-00202,21.9,39.6,17.71,0.609,36.6,226.6,8.3,0.0,12.0,6.3,38,30.9,0,1.7,0,0,0,synthetic_physics_based
SYN-00203,23.6,38.4,14.79,0.421,55.4,163.0,18.4,0.0,10.7,3.5,67,22.3,1,1.74,0,2,0,synthetic_physics_based
SYN-00204,39.8,69.5,29.74,0.82,32.5,917.1,13.2,0.0,9.7,1.9,66,32.6,0,2.69,0,1,1,synthetic_physics_based
SYN-00205,33.3,46.5,13.21,2.172,74.4,147.2,2.3,0.0,11.0,4.5,52,30.9,0,2.31,0,0,0,synthetic_physics_based
SYN-00206,20.2,31.5,11.33,0.029,85.1,480.6,19.0,15.5,15.8,10.7,5,37.7,1,1.69,0,0,0,synthetic_physics_based
SYN-00207,22.2,38.4,16.16,0.758,46.8,577.0,5.5,0.0,11.2,5.4,11,22.3,1,0.81,0,0,0,synthetic_physics_based
SYN-00208,34.6,47.0,12.37,1.16,81.5,537.2,7.1,0.0,9.2,6.6,25,30.0,1,1.49,0,0,0,synthetic_physics_based
SYN-00209,20.1,36.1,16.02,0.155,47.5,127.4,8.3,0.0,17.1,7.7,35,33.6,0,0.4,0,0,0,synthetic_physics_based
SYN-00210,23.5,31.6,8.06,1.354,84.6,101.3,1.5,0.0,6.9,2.8,35,24.8,1,1.62,0,0,0,synthetic_physics_based
SYN-00211,32.1,41.0,8.9,0.397,75.2,144.9,10.2,26.3,6.8,3.0,22,25.6,1,0.17,0,0,0,synthetic_physics_based
SYN-00212,35.2,48.1,12.84,0.256,78.3,577.0,2.9,0.0,16.2,9.3,37,35.8,1,1.93,0,1,0,synthetic_physics_based
SYN-00213,34.3,54.8,20.48,2.58,31.1,539.9,8.3,0.0,19.5,8.7,86,26.1,0,2.63,0,1,1,synthetic_physics_based
SYN-00214,24.9,46.1,21.12,0.673,87.8,260.4,7.3,13.5,7.6,3.0,55,30.5,0,3.09,0,0,0,synthetic_physics_based
SYN-00215,35.7,68.6,32.93,2.275,73.6,624.0,15.6,0.0,6.6,3.3,75,35.8,0,2.85,1,2,1,synthetic_physics_based
SYN-00216,25.2,52.4,27.14,0.833,48.3,788.1,16.2,0.0,15.7,6.6,72,22.2,0,6.67,0,1,0,synthetic_physics_based
SYN-00217,27.2,43.9,16.79,0.637,79.8,87.4,3.5,0.0,14.8,5.5,64,37.6,0,3.17,0,2,0,synthetic_physics_based
SYN-00218,36.4,47.8,11.43,1.369,46.9,498.3,7.6,20.9,11.5,6.4,20,32.0,0,1.34,0,0,0,synthetic_physics_based
SYN-00219,34.3,39.1,4.81,1.01,82.4,670.4,7.8,0.0,4.8,1.0,4,27.9,1,0.02,0,0,0,synthetic_physics_based
SYN-00220,38.7,43.6,4.91,0.819,36.8,277.1,3.5,0.0,4.7,4.4,18,26.6,1,1.67,0,0,0,synthetic_physics_based
SYN-00221,34.5,55.0,20.56,3.01,72.2,327.0,16.1,25.3,17.8,11.6,51,37.1,1,4.16,0,0,0,synthetic_physics_based
SYN-00222,32.5,55.6,23.13,0.531,62.4,602.3,14.3,0.0,11.6,5.5,68,22.1,0,6.05,0,2,1,synthetic_physics_based
SYN-00223,22.1,36.7,14.67,1.061,35.8,858.1,4.2,0.0,19.3,11.5,20,24.2,0,0.96,0,0,0,synthetic_physics_based
SYN-00224,28.1,44.4,16.29,1.22,44.5,778.9,7.7,0.0,13.9,7.8,9,24.2,0,0.87,0,0,0,synthetic_physics_based
SYN-00225,25.8,50.3,24.5,3.963,30.7,574.8,2.6,23.8,14.8,9.7,80,23.8,0,2.26,0,2,1,synthetic_physics_based
SYN-00226,25.4,41.5,16.09,0.742,58.1,707.2,12.8,0.0,20.7,10.7,26,27.4,0,0.72,0,0,0,synthetic_physics_based
SYN-00227,41.4,55.4,14.04,0.727,48.1,378.3,2.9,6.8,6.1,4.1,25,37.8,1,0.33,0,0,0,synthetic_physics_based
SYN-00228,28.6,66.9,38.21,1.856,65.9,626.9,19.7,0.0,13.3,7.8,68,35.8,1,2.8,1,1,1,synthetic_physics_based
SYN-00229,39.6,54.6,15.01,1.184,47.8,469.6,15.7,0.0,4.1,2.6,41,24.6,1,4.63,0,1,0,synthetic_physics_based
SYN-00230,33.9,54.0,20.08,0.459,48.0,220.9,8.1,0.0,9.8,4.5,59,26.5,1,5.21,0,2,1,synthetic_physics_based
SYN-00231,37.5,62.0,24.51,0.308,74.6,681.6,11.8,0.0,5.8,5.0,45,31.4,1,2.42,0,1,0,synthetic_physics_based
SYN-00232,31.1,44.9,13.86,0.002,32.9,550.8,18.3,0.0,6.6,3.0,41,18.3,1,3.64,0,0,0,synthetic_physics_based
SYN-00233,32.7,43.1,10.39,0.559,84.2,372.8,11.3,0.0,20.8,10.8,38,34.4,1,6.29,0,0,0,synthetic_physics_based
SYN-00234,30.8,47.6,16.77,0.437,81.1,870.2,3.9,0.0,14.6,7.0,19,35.6,1,1.76,0,0,0,synthetic_physics_based
SYN-00235,24.3,29.7,5.42,1.3,70.1,68.8,7.9,0.0,20.0,10.0,14,35.1,1,0.99,0,0,0,synthetic_physics_based
SYN-00236,35.9,45.1,9.24,1.119,65.6,334.2,16.9,0.0,11.4,5.9,21,25.5,1,0.33,0,0,0,synthetic_physics_based
SYN-00237,26.2,36.3,10.13,0.127,83.5,101.2,13.1,0.0,14.4,8.6,15,27.2,0,0.23,0,0,0,synthetic_physics_based
SYN-00238,20.5,29.7,9.2,1.111,41.1,739.9,13.2,0.0,3.6,3.2,3,18.2,1,1.8,0,0,0,synthetic_physics_based
SYN-00239,34.2,52.3,18.05,1.013,34.7,681.9,17.4,0.0,11.9,6.7,37,26.0,1,2.51,0,0,0,synthetic_physics_based
SYN-00240,23.9,41.8,17.89,0.892,44.4,348.2,17.9,22.5,13.7,9.7,46,27.2,1,1.02,0,0,0,synthetic_physics_based
SYN-00241,40.7,54.7,14.01,0.023,77.7,658.1,18.4,15.1,3.3,2.0,16,36.1,0,0.16,0,0,0,synthetic_physics_based
SYN-00242,41.0,55.4,14.42,0.173,32.1,406.3,2.3,0.0,18.0,7.2,14,35.9,0,1.81,0,0,0,synthetic_physics_based
SYN-00243,40.1,50.1,9.94,0.375,65.0,730.6,11.1,6.6,8.6,3.0,9,37.3,1,1.69,0,0,0,synthetic_physics_based
SYN-00244,28.1,31.4,3.21,1.225,89.7,458.8,14.9,0.0,11.6,7.4,7,35.7,1,1.79,0,0,0,synthetic_physics_based
SYN-00245,20.3,27.9,7.58,0.698,81.3,421.1,15.3,0.0,13.2,6.8,14,18.2,0,0.01,0,0,0,synthetic_physics_based
SYN-00246,40.4,55.7,15.3,1.378,61.3,891.3,12.3,4.2,21.9,11.4,6,30.8,1,1.48,0,0,0,synthetic_physics_based
SYN-00247,29.4,48.1,18.7,1.857,33.8,275.8,3.8,26.0,4.9,1.2,85,19.4,1,4.57,0,2,0,synthetic_physics_based
SYN-00248,41.3,47.2,5.93,0.431,79.9,158.4,16.0,0.0,13.6,6.9,15,23.5,0,1.15,0,0,0,synthetic_physics_based
SYN-00249,41.2,61.2,20.05,0.579,65.9,576.1,14.5,18.8,13.1,6.6,52,29.6,1,0.37,0,0,0,synthetic_physics_based
SYN-00250,38.8,66.2,27.4,2.481,36.9,922.4,2.2,13.2,4.3,3.1,72,32.0,0,6.7,0,2,1,synthetic_physics_based
SYN-00251,26.5,40.8,14.34,0.054,35.6,390.1,9.5,14.1,15.0,7.9,34,31.1,1,2.0,0,0,0,synthetic_physics_based
SYN-00252,28.5,26.1,-2.33,0.913,84.6,105.8,3.9,14.8,8.5,6.6,1,19.0,1,1.42,0,0,0,synthetic_physics_based
SYN-00253,38.7,56.0,17.23,3.339,70.2,355.4,7.1,0.0,5.0,1.8,69,20.1,1,0.89,0,1,0,synthetic_physics_based
SYN-00254,27.0,45.0,18.03,1.695,79.8,505.3,0.9,24.7,6.4,3.8,86,20.6,1,2.13,0,2,0,synthetic_physics_based
SYN-00255,23.7,31.6,7.85,1.031,82.7,195.7,8.3,0.0,18.6,7.8,20,19.8,0,1.39,0,0,0,synthetic_physics_based
SYN-00256,32.2,63.2,30.94,1.386,64.3,642.3,11.2,0.0,5.0,3.7,80,21.6,1,3.97,1,1,1,synthetic_physics_based
SYN-00257,40.6,54.5,13.88,0.483,61.0,948.0,12.6,0.0,11.9,4.4,7,31.8,1,0.64,0,0,0,synthetic_physics_based
SYN-00258,35.3,39.4,4.13,0.488,55.8,456.6,13.4,22.7,6.7,4.5,7,34.6,1,1.57,0,0,0,synthetic_physics_based
SYN-00259,32.5,53.7,21.12,0.937,49.0,369.3,16.8,1.5,6.1,1.0,50,26.2,1,4.72,0,0,0,synthetic_physics_based
SYN-00260,22.1,36.2,14.07,0.98,56.1,410.6,4.7,0.0,6.9,2.2,2,31.9,0,1.52,0,0,0,synthetic_physics_based
SYN-00261,33.5,39.4,5.91,3.546,76.4,153.6,2.8,0.0,12.4,8.1,47,22.0,1,5.3,0,0,0,synthetic_physics_based
SYN-00262,41.8,59.1,17.27,1.369,66.1,844.9,17.1,2.0,7.5,6.5,14,37.5,1,1.04,0,0,0,synthetic_physics_based
SYN-00263,23.1,38.1,14.98,0.982,83.6,423.3,3.6,16.7,4.8,1.0,31,25.0,0,1.82,0,0,0,synthetic_physics_based
SYN-00264,31.4,50.9,19.55,1.806,56.6,398.5,19.5,0.0,18.2,8.4,50,34.9,1,6.08,0,1,0,synthetic_physics_based
SYN-00265,39.3,60.9,21.59,0.339,66.4,643.7,16.9,0.0,13.3,10.0,61,36.9,1,4.59,0,2,1,synthetic_physics_based
SYN-00266,36.3,49.7,13.43,1.361,67.9,447.8,10.3,0.0,6.0,3.5,41,35.3,1,1.12,0,0,0,synthetic_physics_based
SYN-00267,35.3,42.5,7.15,0.203,65.5,633.4,19.6,0.0,12.0,5.0,14,19.3,1,1.81,0,0,0,synthetic_physics_based
SYN-00268,35.5,34.2,-1.23,0.218,72.2,105.3,2.4,0.0,4.3,4.6,5,31.0,1,1.99,0,0,0,synthetic_physics_based
SYN-00269,27.9,53.1,25.23,0.43,44.2,782.4,6.4,0.0,14.0,8.6,75,20.4,1,2.77,0,2,0,synthetic_physics_based
SYN-00270,26.5,45.7,19.29,1.435,60.7,896.5,12.9,4.4,9.5,5.4,5,18.1,0,0.33,0,0,0,synthetic_physics_based
SYN-00271,37.8,52.4,14.55,3.371,36.3,633.9,7.3,0.0,5.0,1.0,64,19.0,1,5.24,0,2,1,synthetic_physics_based
SYN-00272,37.8,57.7,19.83,0.617,53.1,909.1,18.6,0.0,6.5,6.7,29,36.3,1,1.11,0,0,0,synthetic_physics_based
SYN-00273,39.1,59.8,20.71,1.321,59.3,186.3,1.8,0.0,9.6,5.7,75,36.2,1,4.0,0,2,1,synthetic_physics_based
SYN-00274,40.1,49.7,9.65,0.343,69.1,479.7,11.2,13.7,18.3,9.6,5,22.5,1,1.26,0,0,0,synthetic_physics_based
SYN-00275,31.2,45.8,14.58,1.497,87.0,591.6,12.0,18.7,6.3,5.7,36,28.9,0,2.07,0,1,0,synthetic_physics_based
SYN-00276,31.0,60.0,29.01,0.44,66.0,573.6,13.2,0.0,5.1,1.4,79,37.1,0,4.82,0,2,1,synthetic_physics_based
SYN-00277,37.6,42.0,4.45,1.398,74.6,411.3,5.5,0.0,12.8,5.4,19,27.9,1,0.52,0,0,0,synthetic_physics_based
SYN-00278,34.3,58.9,24.59,1.359,60.4,354.3,7.6,0.0,13.6,6.0,64,25.9,0,5.97,0,1,0,synthetic_physics_based
SYN-00279,35.4,51.8,16.33,1.392,68.0,164.1,17.0,0.0,4.7,2.0,22,27.7,1,1.68,0,0,0,synthetic_physics_based
SYN-00280,37.5,53.6,16.1,0.504,34.3,402.6,4.3,17.6,8.4,4.7,34,33.8,0,1.27,0,0,0,synthetic_physics_based
SYN-00281,39.6,61.3,21.67,0.44,45.3,196.4,16.6,0.0,8.0,5.4,56,27.5,0,1.58,0,2,0,synthetic_physics_based
SYN-00282,27.4,41.1,13.64,1.427,51.7,710.9,11.5,0.0,6.5,1.7,17,33.7,0,0.65,0,0,0,synthetic_physics_based
SYN-00283,28.3,48.6,20.33,4.359,58.3,237.9,15.4,0.0,9.0,5.4,76,26.6,1,5.9,0,1,1,synthetic_physics_based
SYN-00284,22.1,43.1,21.02,3.368,32.7,102.7,14.4,0.0,3.7,1.1,89,23.0,1,4.24,0,1,1,synthetic_physics_based
SYN-00285,32.7,49.6,16.88,1.562,38.4,547.1,4.5,0.0,15.4,8.3,56,24.5,1,0.99,0,2,0,synthetic_physics_based
SYN-00286,20.8,32.1,11.33,0.711,46.6,585.7,11.6,0.0,21.8,13.8,17,19.6,1,1.13,0,0,0,synthetic_physics_based
SYN-00287,30.2,59.2,28.98,2.816,88.3,834.7,17.4,0.0,15.0,9.0,74,27.9,0,3.43,0,2,1,synthetic_physics_based
SYN-00288,31.9,56.8,24.81,0.398,49.9,569.3,8.9,25.6,9.9,6.3,82,21.0,0,4.8,0,1,0,synthetic_physics_based
SYN-00289,26.3,37.3,10.99,1.183,58.9,360.9,19.3,0.0,15.7,7.7,18,34.2,1,0.28,0,0,0,synthetic_physics_based
SYN-00290,33.0,52.0,19.02,1.014,41.8,772.7,9.3,0.0,13.9,10.5,45,26.4,1,5.91,0,1,0,synthetic_physics_based
SYN-00291,20.7,49.2,28.53,1.992,66.6,536.3,3.3,10.3,19.1,11.5,78,33.3,0,2.73,0,2,0,synthetic_physics_based
SYN-00292,20.8,44.2,23.38,1.098,46.8,121.4,8.1,0.0,14.8,7.5,56,37.1,1,0.49,0,1,0,synthetic_physics_based
SYN-00293,38.1,72.0,33.94,3.545,42.4,559.3,19.1,0.0,15.0,10.0,80,35.0,1,5.6,1,2,1,synthetic_physics_based
SYN-00294,27.9,58.6,30.7,2.354,61.0,867.2,6.7,0.0,7.2,4.8,50,37.0,0,4.58,1,0,1,synthetic_physics_based
SYN-00295,22.8,52.2,29.39,1.602,30.3,406.7,17.4,0.0,10.9,4.1,58,29.4,0,5.65,0,1,1,synthetic_physics_based
SYN-00296,31.5,35.1,3.62,1.109,30.5,316.7,17.7,21.6,9.5,5.5,18,21.3,1,0.01,0,0,0,synthetic_physics_based
SYN-00297,36.9,66.6,29.71,2.867,43.1,179.1,7.3,21.3,3.2,1.0,80,36.7,0,0.32,0,1,1,synthetic_physics_based
SYN-00298,24.7,51.4,26.62,3.098,32.2,186.3,2.1,0.0,9.0,1.9,81,35.4,0,0.7,0,2,1,synthetic_physics_based
SYN-00299,33.7,44.0,10.34,1.034,36.5,439.5,14.6,0.0,12.2,6.1,7,35.3,1,1.25,0,0,0,synthetic_physics_based
SYN-00300,21.9,51.7,29.81,1.225,50.3,586.1,6.6,28.7,14.4,9.6,76,31.9,1,5.68,0,1,0,synthetic_physics_based
SYN-00301,21.1,22.8,1.63,0.344,78.2,122.6,15.8,0.0,20.8,13.6,10,30.5,1,0.02,0,0,0,synthetic_physics_based
SYN-00302,31.7,52.0,20.34,4.103,64.3,895.6,9.1,17.7,7.5,3.4,69,18.3,0,6.99,0,2,1,synthetic_physics_based
SYN-00303,31.9,66.4,34.46,1.783,60.8,729.6,10.0,0.0,5.9,2.8,85,33.0,1,5.36,1,2,1,synthetic_physics_based
SYN-00304,34.0,40.5,6.48,0.103,47.6,578.0,15.7,0.0,19.5,12.8,3,19.8,1,1.78,0,0,0,synthetic_physics_based
SYN-00305,36.0,62.8,26.85,3.543,85.9,795.6,8.0,0.0,20.9,12.5,83,23.2,0,6.89,0,1,1,synthetic_physics_based
SYN-00306,41.5,57.0,15.58,1.444,53.8,122.2,9.1,0.0,12.3,7.5,44,29.0,0,2.35,0,0,0,synthetic_physics_based
SYN-00307,31.4,49.5,18.15,1.366,35.2,479.2,7.8,0.0,5.2,3.1,70,27.0,1,1.33,0,2,0,synthetic_physics_based
SYN-00308,27.1,38.2,11.08,1.336,67.0,617.1,7.7,0.0,12.2,7.8,14,18.3,1,1.11,0,0,0,synthetic_physics_based
SYN-00309,37.5,55.4,17.91,0.562,36.8,795.8,10.8,0.0,5.1,2.7,4,34.5,1,1.57,0,0,0,synthetic_physics_based
SYN-00310,26.0,41.1,15.14,0.284,50.7,755.1,16.3,0.0,19.8,13.2,18,35.6,0,0.94,0,0,0,synthetic_physics_based
SYN-00311,29.7,53.7,24.07,0.569,60.4,299.4,7.6,10.8,16.5,8.9,52,31.6,1,6.92,0,0,0,synthetic_physics_based
SYN-00312,21.7,38.6,16.92,0.106,82.5,896.8,10.7,0.0,7.6,4.0,38,28.8,1,6.5,0,0,0,synthetic_physics_based
SYN-00313,20.6,54.8,34.21,2.457,59.6,161.9,13.6,0.0,19.8,7.8,80,37.2,1,6.62,1,2,1,synthetic_physics_based
SYN-00314,41.2,57.8,16.64,0.038,72.1,837.6,5.8,0.0,15.1,9.9,20,20.4,1,1.28,0,0,0,synthetic_physics_based
SYN-00315,38.4,71.3,32.87,1.859,89.6,923.8,5.9,17.3,21.1,10.2,88,32.8,0,4.91,1,2,0,synthetic_physics_based
SYN-00316,35.3,49.4,14.05,0.067,37.9,209.4,18.7,4.9,21.6,8.3,44,20.6,1,0.84,0,0,0,synthetic_physics_based
SYN-00317,29.0,52.5,23.48,2.113,46.5,699.9,14.6,0.0,3.1,1.4,51,25.6,0,5.39,0,0,0,synthetic_physics_based
SYN-00318,23.8,35.3,11.51,1.228,53.7,86.3,11.8,0.0,5.3,2.4,19,29.7,0,0.03,0,0,0,synthetic_physics_based
SYN-00319,23.4,42.1,18.63,3.75,55.3,414.9,13.1,0.0,13.4,8.0,68,32.7,1,5.91,0,1,0,synthetic_physics_based
SYN-00320,25.5,39.0,13.51,3.122,54.7,514.7,1.1,0.0,21.2,12.6,66,18.1,1,6.74,0,2,1,synthetic_physics_based
SYN-00321,32.1,46.7,14.59,1.42,84.5,572.6,12.6,0.0,21.9,10.8,13,23.2,0,0.46,0,0,0,synthetic_physics_based
SYN-00322,35.7,74.6,38.89,3.586,72.8,892.3,10.4,0.0,13.8,11.7,62,28.8,1,0.73,1,2,1,synthetic_physics_based
SYN-00323,34.5,61.5,26.96,2.376,66.5,655.0,11.1,0.0,6.3,3.2,61,28.7,0,3.49,0,2,1,synthetic_physics_based
SYN-00324,26.2,44.3,18.1,0.44,48.6,483.2,7.5,9.6,6.1,1.0,30,30.8,1,0.72,0,0,0,synthetic_physics_based
SYN-00325,41.0,56.2,15.16,1.184,79.4,778.7,2.1,0.0,17.5,12.0,30,24.1,1,0.32,0,0,0,synthetic_physics_based
SYN-00326,36.2,61.8,25.6,4.284,87.3,905.5,4.3,0.0,14.2,8.9,51,28.8,0,4.94,0,1,1,synthetic_physics_based
SYN-00327,32.2,46.5,14.33,1.197,79.3,69.9,19.0,0.0,13.4,8.0,88,21.8,0,5.78,0,2,0,synthetic_physics_based
SYN-00328,33.5,58.8,25.3,3.727,30.1,934.3,8.5,0.0,11.8,5.9,48,21.7,0,1.39,0,1,1,synthetic_physics_based
SYN-00329,29.2,42.9,13.71,0.999,68.2,127.5,9.6,28.9,16.8,9.3,33,29.5,0,0.24,0,0,0,synthetic_physics_based
SYN-00330,25.5,57.8,32.32,2.109,33.1,782.9,1.5,0.0,19.3,7.4,74,31.7,0,4.32,1,1,1,synthetic_physics_based
SYN-00331,27.8,49.5,21.66,3.051,45.5,302.3,1.2,0.0,8.8,4.4,82,20.4,1,1.24,0,2,1,synthetic_physics_based
SYN-00332,36.7,42.4,5.73,0.761,33.6,169.0,14.5,0.0,7.2,7.6,19,20.5,0,1.03,0,0,0,synthetic_physics_based
SYN-00333,20.3,49.7,29.37,3.396,66.2,445.9,11.0,0.0,15.7,7.2,71,29.3,1,6.0,0,2,1,synthetic_physics_based
SYN-00334,22.6,40.0,17.42,3.198,71.2,629.6,10.4,0.0,20.4,11.5,57,23.4,0,6.81,0,1,0,synthetic_physics_based
SYN-00335,21.0,36.9,15.89,1.125,36.9,392.9,5.2,0.0,9.6,2.8,19,25.8,1,1.3,0,0,0,synthetic_physics_based
SYN-00336,20.9,38.3,17.44,2.677,53.0,99.1,15.0,0.0,8.2,3.7,88,26.0,0,6.47,0,2,1,synthetic_physics_based
SYN-00337,38.8,62.1,23.33,0.744,57.4,589.5,3.8,12.8,7.3,2.1,79,21.6,0,1.1,0,2,0,synthetic_physics_based
SYN-00338,35.5,50.4,14.89,0.656,52.1,862.2,4.2,0.0,7.8,5.0,41,18.0,1,6.83,0,0,0,synthetic_physics_based
SYN-00339,30.4,50.7,20.32,1.437,37.3,394.9,9.5,17.2,5.6,3.4,42,35.1,0,0.43,0,0,0,synthetic_physics_based
SYN-00340,22.2,49.5,27.4,1.593,55.1,244.7,6.1,4.0,14.3,5.9,87,32.3,1,3.79,0,2,1,synthetic_physics_based
SYN-00341,30.8,54.4,23.58,4.081,75.1,448.3,5.3,20.4,8.3,4.7,52,31.8,1,2.18,0,0,0,synthetic_physics_based
SYN-00342,30.4,25.9,-4.51,0.695,34.3,93.5,13.1,0.0,14.7,8.3,4,28.9,1,0.12,0,0,0,synthetic_physics_based
SYN-00343,23.8,37.8,14.03,0.972,34.8,788.4,13.2,13.5,4.6,2.8,4,32.0,0,0.0,0,0,0,synthetic_physics_based
SYN-00344,29.5,45.2,15.65,0.018,51.3,793.7,16.6,4.7,5.2,4.1,5,36.7,0,1.81,0,0,0,synthetic_physics_based
SYN-00345,28.8,44.5,15.7,0.499,86.5,579.2,8.6,0.0,13.2,9.6,41,31.3,1,3.02,0,1,0,synthetic_physics_based
SYN-00346,33.5,58.1,24.54,2.798,70.1,367.8,1.9,0.0,12.7,6.1,87,23.3,1,0.64,0,1,1,synthetic_physics_based
SYN-00347,34.0,51.6,17.65,3.473,70.7,769.8,5.8,10.2,8.2,4.0,61,29.4,0,2.17,0,1,0,synthetic_physics_based
SYN-00348,21.0,45.6,24.65,0.881,51.7,549.2,19.6,27.1,18.7,10.0,75,26.8,0,4.58,0,2,0,synthetic_physics_based
SYN-00349,28.2,59.5,31.29,3.731,65.6,793.3,12.1,0.0,6.6,1.7,55,29.1,0,2.2,1,0,1,synthetic_physics_based
SYN-00350,33.8,60.4,26.63,2.633,30.6,618.3,14.3,29.9,9.9,3.9,75,28.4,1,1.87,0,1,1,synthetic_physics_based
SYN-00351,31.1,43.9,12.8,1.371,68.2,756.0,0.6,0.0,13.6,8.3,13,35.2,0,1.0,0,0,0,synthetic_physics_based
SYN-00352,38.8,51.4,12.59,0.997,84.8,588.7,10.6,0.0,19.5,13.6,14,31.0,1,0.33,0,0,0,synthetic_physics_based
SYN-00353,34.5,52.3,17.77,1.962,66.8,422.7,1.2,0.0,11.0,4.5,60,21.8,0,3.78,0,2,0,synthetic_physics_based
SYN-00354,23.6,52.9,29.34,1.545,82.4,912.2,11.6,0.0,10.6,9.3,72,19.3,1,4.83,0,2,1,synthetic_physics_based
SYN-00355,21.6,36.0,14.42,1.254,73.4,537.0,18.5,0.0,14.0,6.9,25,26.5,0,0.95,0,0,0,synthetic_physics_based
SYN-00356,34.1,58.9,24.73,4.078,37.2,594.6,19.4,0.0,9.0,6.8,82,18.3,1,1.04,0,2,1,synthetic_physics_based
SYN-00357,20.6,33.7,13.07,0.237,84.1,248.4,11.0,0.0,16.5,9.7,44,24.4,0,4.6,0,0,0,synthetic_physics_based
SYN-00358,32.9,56.6,23.71,3.856,34.0,613.1,9.4,0.0,7.7,4.5,82,25.4,0,3.99,0,2,1,synthetic_physics_based
SYN-00359,40.7,46.1,5.39,1.475,62.0,564.4,18.9,0.0,18.6,9.6,10,25.5,0,0.97,0,0,0,synthetic_physics_based
SYN-00360,32.7,59.4,26.75,4.133,38.5,216.4,13.6,21.3,8.2,4.5,71,37.6,0,2.44,0,1,0,synthetic_physics_based
SYN-00361,28.5,30.1,1.61,0.781,30.7,103.6,1.8,0.0,21.9,11.0,50,24.1,0,1.45,0,0,0,synthetic_physics_based
SYN-00362,34.2,44.9,10.71,1.49,55.3,593.9,9.6,19.8,9.0,6.4,44,23.3,1,1.19,0,1,0,synthetic_physics_based
SYN-00363,30.1,38.5,8.41,1.156,47.7,737.3,5.2,0.6,19.7,12.5,14,20.6,1,0.73,0,0,0,synthetic_physics_based
SYN-00364,32.0,46.6,14.55,0.776,59.2,521.1,9.7,0.0,10.5,4.8,15,28.2,0,1.42,0,0,0,synthetic_physics_based
SYN-00365,40.7,41.5,0.81,0.584,64.6,254.1,9.4,28.0,7.7,1.8,16,21.1,1,0.93,0,0,0,synthetic_physics_based
SYN-00366,28.5,41.1,12.64,0.889,32.6,649.9,11.9,23.1,7.3,3.5,2,30.3,1,0.3,0,0,0,synthetic_physics_based
SYN-00367,41.1,44.1,2.98,0.774,37.4,122.1,7.5,0.0,19.2,13.5,30,21.1,0,0.84,0,0,0,synthetic_physics_based
SYN-00368,39.9,53.7,13.74,1.491,63.5,447.7,3.7,0.0,8.9,5.2,30,29.5,1,0.27,0,0,0,synthetic_physics_based
SYN-00369,24.3,50.3,26.04,0.973,50.6,197.0,10.3,0.0,9.4,6.9,82,34.5,1,4.44,0,2,1,synthetic_physics_based
SYN-00370,21.5,29.1,7.55,1.254,73.8,216.0,16.7,0.0,6.7,2.3,31,18.9,1,0.05,0,0,0,synthetic_physics_based
SYN-00371,22.2,39.9,17.72,2.24,69.1,232.1,13.4,4.5,21.3,11.0,77,26.4,0,1.11,0,2,0,synthetic_physics_based
SYN-00372,20.4,24.9,4.48,0.107,80.7,398.0,7.1,0.0,7.7,3.7,20,27.2,0,0.66,0,0,0,synthetic_physics_based
SYN-00373,22.1,37.3,15.19,2.757,71.5,96.0,18.7,6.0,7.7,2.5,49,33.8,1,4.27,0,1,0,synthetic_physics_based
SYN-00374,35.0,51.5,16.51,0.99,55.8,408.0,18.3,29.8,20.9,11.8,35,27.4,1,1.08,0,0,0,synthetic_physics_based
SYN-00375,21.6,37.9,16.3,0.389,70.4,510.5,4.6,0.0,20.1,9.8,23,29.4,0,1.72,0,0,0,synthetic_physics_based
SYN-00376,27.0,51.9,24.88,0.865,46.5,485.0,1.3,0.0,7.7,5.7,61,33.8,1,1.94,0,1,1,synthetic_physics_based
SYN-00377,38.6,65.9,27.34,2.472,48.4,394.5,15.0,0.0,19.4,10.8,84,29.2,1,1.84,0,2,0,synthetic_physics_based
SYN-00378,20.5,41.5,20.96,0.508,77.3,805.2,16.6,0.0,7.7,6.5,55,25.2,0,4.04,0,0,0,synthetic_physics_based
SYN-00379,37.9,53.4,15.47,4.002,56.8,180.8,19.4,0.0,4.6,1.0,67,19.7,1,4.05,0,2,1,synthetic_physics_based
SYN-00380,26.2,38.0,11.76,0.423,77.9,505.1,17.9,0.0,18.6,9.4,8,32.6,1,1.58,0,0,0,synthetic_physics_based
SYN-00381,22.6,34.7,12.08,0.132,79.3,105.8,12.2,5.0,17.7,9.1,40,35.4,0,4.19,0,0,0,synthetic_physics_based
SYN-00382,35.3,55.4,20.06,3.247,81.5,114.0,10.8,0.5,8.6,5.4,59,37.4,1,2.55,0,2,1,synthetic_physics_based
SYN-00383,33.8,52.2,18.41,0.593,85.0,566.5,1.0,0.0,4.7,2.0,32,36.5,0,0.3,0,0,0,synthetic_physics_based
SYN-00384,39.3,51.9,12.6,1.352,55.9,559.4,5.3,9.0,6.9,6.4,7,33.9,0,1.7,0,0,0,synthetic_physics_based
SYN-00385,36.2,43.8,7.6,1.457,49.1,840.2,9.5,0.0,17.7,9.4,2,30.9,1,0.16,0,0,0,synthetic_physics_based
SYN-00386,37.7,63.5,25.87,2.008,64.9,552.1,12.8,21.5,21.3,10.4,85,33.6,1,5.42,0,2,0,synthetic_physics_based
SYN-00387,26.2,35.9,9.69,0.682,52.3,913.8,11.4,9.9,7.9,4.1,6,26.6,1,1.35,0,0,0,synthetic_physics_based
SYN-00388,23.9,32.4,8.51,1.168,66.1,93.8,15.0,0.0,18.5,9.7,36,29.9,1,6.4,0,0,0,synthetic_physics_based
SYN-00389,36.5,47.1,10.55,0.231,72.3,138.2,6.0,27.7,7.3,5.4,32,25.0,1,1.76,0,0,0,synthetic_physics_based
SYN-00390,37.8,39.2,1.47,0.142,71.3,89.7,11.5,0.0,15.9,8.1,45,24.5,1,3.52,0,0,0,synthetic_physics_based
SYN-00391,41.8,57.0,15.19,1.315,52.5,216.7,2.2,13.8,4.6,1.0,42,33.1,0,3.18,0,0,0,synthetic_physics_based
SYN-00392,29.1,54.1,25.01,0.638,40.0,537.1,8.6,0.0,14.1,8.0,53,27.1,1,0.39,0,0,0,synthetic_physics_based
SYN-00393,28.2,40.9,12.69,1.458,55.8,631.0,15.1,0.0,8.1,3.5,9,22.2,1,0.31,0,0,0,synthetic_physics_based
SYN-00394,37.1,44.0,6.89,1.438,38.6,91.0,14.0,0.0,20.6,9.6,75,22.0,0,0.6,0,2,0,synthetic_physics_based
SYN-00395,27.5,68.9,41.38,1.324,83.4,901.4,19.8,0.0,8.5,4.7,87,35.2,1,4.94,1,2,1,synthetic_physics_based
SYN-00396,40.5,73.6,33.1,1.378,50.8,807.9,5.9,0.0,10.6,5.6,75,31.6,1,3.01,1,2,1,synthetic_physics_based
SYN-00397,38.9,54.1,15.24,4.148,39.3,317.0,10.2,0.0,19.0,10.1,49,28.9,1,0.63,0,0,0,synthetic_physics_based
SYN-00398,29.4,32.5,3.04,0.845,31.5,119.5,6.9,20.6,11.3,6.6,2,26.0,0,0.97,0,0,0,synthetic_physics_based
SYN-00399,36.5,48.7,12.22,3.112,68.7,202.9,9.1,0.0,7.5,3.3,67,26.6,1,4.58,0,2,1,synthetic_physics_based
SYN-00400,36.6,41.1,4.52,0.627,68.2,164.2,17.2,1.0,13.4,7.5,11,19.1,0,1.54,0,0,0,synthetic_physics_based
SYN-00401,22.3,37.8,15.55,2.496,50.4,161.0,13.8,0.0,19.0,9.5,50,27.1,0,4.28,0,1,0,synthetic_physics_based
SYN-00402,39.9,55.0,15.1,0.472,34.3,516.7,17.7,16.5,11.2,7.4,35,33.9,1,1.79,0,0,0,synthetic_physics_based
SYN-00403,31.1,36.7,5.56,0.473,54.6,271.3,4.5,0.0,5.5,3.0,15,25.8,1,0.5,0,0,0,synthetic_physics_based
SYN-00404,38.2,57.6,19.37,1.337,48.7,372.3,17.5,0.0,10.3,8.3,75,25.7,0,5.76,0,1,0,synthetic_physics_based
SYN-00405,27.0,44.6,17.6,0.014,70.6,940.6,1.7,14.4,21.1,10.9,31,18.3,0,0.76,0,0,0,synthetic_physics_based
SYN-00406,39.7,60.7,20.98,3.072,66.3,665.9,17.8,17.8,4.4,2.9,62,27.2,1,3.89,0,1,1,synthetic_physics_based
SYN-00407,28.6,44.0,15.43,1.091,51.9,904.1,6.9,24.2,10.8,7.6,28,18.5,1,0.99,0,0,0,synthetic_physics_based
SYN-00408,20.2,31.1,10.9,0.936,43.1,178.3,6.6,12.2,15.3,9.2,25,29.4,1,1.72,0,0,0,synthetic_physics_based
SYN-00409,39.9,58.5,18.6,0.823,89.3,393.9,10.5,0.0,4.5,2.7,84,28.1,1,3.96,0,2,0,synthetic_physics_based
SYN-00410,22.0,38.5,16.53,0.904,57.2,549.3,18.8,11.5,9.6,5.8,25,34.8,0,1.2,0,0,0,synthetic_physics_based
SYN-00411,27.0,49.2,22.13,0.657,71.3,119.1,1.4,0.0,20.9,12.2,75,29.6,0,2.37,0,1,0,synthetic_physics_based
SYN-00412,40.9,53.0,12.07,0.395,38.4,53.8,7.4,0.0,3.6,2.4,83,24.5,0,6.72,0,2,0,synthetic_physics_based
SYN-00413,40.9,51.2,10.24,0.782,59.1,653.4,17.2,3.2,17.3,9.5,1,28.3,0,0.53,0,0,0,synthetic_physics_based
SYN-00414,32.6,54.3,21.7,3.704,31.7,627.6,8.2,0.0,19.0,11.5,59,32.0,0,0.23,0,2,1,synthetic_physics_based
SYN-00415,33.9,56.3,22.4,3.215,60.3,419.7,4.4,0.0,8.3,4.4,69,19.9,0,3.98,0,2,1,synthetic_physics_based
SYN-00416,29.9,55.2,25.36,3.934,87.8,490.7,8.8,0.0,7.1,2.4,74,30.4,1,2.67,0,2,1,synthetic_physics_based
SYN-00417,26.5,51.5,25.08,0.518,53.1,423.9,8.0,2.5,20.4,14.3,42,36.3,0,0.42,0,0,0,synthetic_physics_based
SYN-00418,27.2,40.3,13.1,0.888,32.3,71.6,18.4,0.0,17.5,11.0,34,24.0,1,0.77,0,0,0,synthetic_physics_based
SYN-00419,34.8,58.1,23.28,3.859,31.9,351.8,15.4,24.9,5.2,1.5,66,30.5,1,5.46,0,2,1,synthetic_physics_based
SYN-00420,36.6,53.5,16.95,0.563,53.3,209.4,10.3,0.0,7.0,3.5,18,34.4,1,0.55,0,0,0,synthetic_physics_based
SYN-00421,37.4,51.1,13.69,2.622,39.6,138.6,19.8,19.9,14.8,7.3,77,28.2,1,4.55,0,1,0,synthetic_physics_based
SYN-00422,37.4,58.9,21.49,1.218,31.4,911.0,9.6,14.8,11.0,5.3,5,32.4,1,0.6,0,0,0,synthetic_physics_based
SYN-00423,22.0,34.2,12.2,0.318,75.4,589.4,1.6,0.0,12.6,8.2,20,24.2,0,0.6,0,0,0,synthetic_physics_based
SYN-00424,30.9,54.5,23.67,3.906,57.5,705.8,5.6,27.0,21.1,11.1,66,24.1,0,2.84,0,2,0,synthetic_physics_based
SYN-00425,21.3,43.9,22.68,0.959,47.4,333.8,9.0,0.0,11.0,8.9,75,31.4,0,2.72,0,2,0,synthetic_physics_based
SYN-00426,32.1,49.0,16.87,3.931,84.0,403.8,3.6,0.0,19.8,8.2,62,32.1,0,0.23,0,1,0,synthetic_physics_based
SYN-00427,29.7,45.8,16.06,0.245,37.0,263.2,19.0,0.0,15.6,8.5,32,36.7,1,1.02,0,0,0,synthetic_physics_based
SYN-00428,39.5,47.4,7.89,1.672,87.4,137.3,15.5,0.0,5.3,1.0,58,22.5,1,6.67,0,2,0,synthetic_physics_based
SYN-00429,27.7,39.9,12.17,0.611,48.8,211.1,5.7,0.0,17.1,9.9,50,27.4,1,5.93,0,0,0,synthetic_physics_based
SYN-00430,22.6,39.7,17.09,1.359,83.3,767.8,12.0,0.0,12.9,7.8,38,23.0,0,2.07,0,0,0,synthetic_physics_based
SYN-00431,23.1,46.4,23.23,1.033,66.2,659.8,14.6,2.6,7.3,5.4,55,19.6,1,2.93,0,0,0,synthetic_physics_based
SYN-00432,36.8,51.0,14.24,1.145,79.6,542.2,18.9,5.6,8.5,2.8,28,26.1,0,1.88,0,0,0,synthetic_physics_based
SYN-00433,33.6,46.8,13.2,3.005,89.0,477.6,17.7,0.0,13.6,8.1,74,25.5,1,1.9,0,2,0,synthetic_physics_based
SYN-00434,22.2,49.0,26.78,1.481,47.3,880.2,10.5,0.0,14.4,6.6,86,23.4,0,3.82,0,1,0,synthetic_physics_based
SYN-00435,21.9,33.3,11.45,4.44,87.7,115.5,15.6,0.0,21.4,11.9,81,23.9,0,0.35,0,1,0,synthetic_physics_based
SYN-00436,35.4,46.7,11.33,0.722,53.4,302.5,11.5,26.6,19.2,9.9,22,25.2,0,1.01,0,0,0,synthetic_physics_based
SYN-00437,21.6,35.9,14.33,0.457,53.1,364.9,11.3,0.0,6.9,1.9,43,37.8,1,6.52,0,0,0,synthetic_physics_based
SYN-00438,38.1,70.4,32.36,2.314,50.4,754.2,2.7,0.0,17.7,10.8,83,33.7,0,6.22,1,2,1,synthetic_physics_based
SYN-00439,35.5,70.3,34.78,1.331,62.5,943.3,3.0,0.0,3.2,1.3,81,19.4,0,3.61,1,2,1,synthetic_physics_based
SYN-00440,21.8,54.1,32.3,0.987,39.2,266.6,10.8,23.0,5.5,4.3,88,35.4,1,4.62,1,2,1,synthetic_physics_based
SYN-00441,21.9,39.5,17.59,1.459,63.2,836.9,5.7,0.0,6.8,5.1,36,30.7,1,4.07,0,0,0,synthetic_physics_based
SYN-00442,41.7,72.8,31.14,4.149,62.5,797.6,0.9,25.5,14.3,9.9,52,35.8,0,0.66,1,0,1,synthetic_physics_based
SYN-00443,28.2,36.7,8.43,0.056,75.7,252.2,14.6,0.0,6.7,2.9,36,24.8,1,1.28,0,0,0,synthetic_physics_based
SYN-00444,28.2,44.2,16.01,1.341,80.0,409.4,1.1,0.0,9.9,4.1,28,27.3,0,1.96,0,0,0,synthetic_physics_based
SYN-00445,37.9,65.8,27.9,4.442,56.4,418.7,12.1,22.3,7.6,6.0,78,35.9,0,1.94,0,1,0,synthetic_physics_based
SYN-00446,40.8,62.8,21.99,0.363,48.1,930.4,11.0,0.0,9.4,5.3,58,23.5,1,2.81,0,1,0,synthetic_physics_based
SYN-00447,41.7,51.5,9.85,0.536,45.6,212.8,19.4,0.0,20.9,13.5,36,36.3,0,3.66,0,0,0,synthetic_physics_based
SYN-00448,36.6,69.7,33.11,2.468,41.7,769.2,9.9,0.0,22.0,10.3,70,34.6,1,6.86,1,1,1,synthetic_physics_based
SYN-00449,28.3,40.2,11.96,0.193,33.5,350.8,1.7,0.0,16.0,9.8,9,37.6,1,1.24,0,0,0,synthetic_physics_based
SYN-00450,21.8,38.7,16.87,0.401,50.5,707.8,11.3,12.8,13.9,7.7,21,24.5,1,1.85,0,0,0,synthetic_physics_based
SYN-00451,37.1,54.0,16.93,4.269,46.2,428.0,16.9,25.9,16.5,9.0,64,22.7,1,3.77,0,2,0,synthetic_physics_based
SYN-00452,32.3,49.4,17.14,2.191,88.0,570.5,19.9,0.0,17.7,9.2,76,24.6,1,4.96,0,2,0,synthetic_physics_based
SYN-00453,29.3,57.9,28.59,3.448,63.5,799.4,8.9,0.0,17.0,7.7,61,37.1,0,4.72,0,2,1,synthetic_physics_based
SYN-00454,39.9,55.2,15.29,1.166,50.8,773.7,6.7,0.0,4.6,3.5,40,24.7,0,6.34,0,0,0,synthetic_physics_based
SYN-00455,22.4,54.5,32.01,2.286,64.8,829.8,18.2,7.9,8.9,4.3,56,29.3,1,3.88,1,2,1,synthetic_physics_based
SYN-00456,30.8,31.7,0.9,0.992,38.4,103.7,4.2,0.0,9.5,5.6,4,26.1,1,0.91,0,0,0,synthetic_physics_based
SYN-00457,20.2,38.7,18.41,0.17,56.6,672.8,12.5,12.8,10.0,8.4,31,25.9,1,0.02,0,0,0,synthetic_physics_based
SYN-00458,30.3,36.5,6.24,1.488,67.6,176.0,8.4,29.8,9.5,4.4,27,21.9,1,1.25,0,0,0,synthetic_physics_based
SYN-00459,21.2,43.3,22.07,1.243,59.3,424.2,1.3,0.0,18.0,9.4,58,28.7,0,1.35,0,2,1,synthetic_physics_based
SYN-00460,22.6,41.2,18.62,0.958,54.1,543.7,7.3,0.0,17.2,9.2,25,35.0,1,0.64,0,0,0,synthetic_physics_based
SYN-00461,22.6,49.1,26.55,3.549,89.6,412.5,5.7,28.8,3.1,1.1,69,19.0,0,6.72,0,2,1,synthetic_physics_based
SYN-00462,34.3,61.1,26.86,4.342,82.8,517.7,13.9,0.0,8.6,4.2,70,35.8,1,3.22,0,1,1,synthetic_physics_based
SYN-00463,36.4,56.8,20.4,1.464,67.4,946.9,19.0,0.0,14.8,9.2,5,31.3,1,0.5,0,0,0,synthetic_physics_based
SYN-00464,32.8,38.6,5.81,0.539,64.2,171.7,5.7,0.0,5.3,4.9,8,30.3,0,0.59,0,0,0,synthetic_physics_based
SYN-00465,41.2,51.5,10.32,0.509,67.2,657.9,16.3,5.8,4.4,2.6,9,30.5,1,1.53,0,0,0,synthetic_physics_based
SYN-00466,28.2,35.6,7.33,0.218,42.1,406.4,1.6,0.0,18.7,11.4,15,23.9,1,1.51,0,0,0,synthetic_physics_based
SYN-00467,26.3,32.4,6.07,1.287,53.7,169.7,11.0,1.1,11.6,6.1,7,26.3,0,0.94,0,0,0,synthetic_physics_based
SYN-00468,39.1,61.0,21.89,4.386,32.4,192.9,1.9,0.0,19.3,10.3,72,34.0,1,2.34,0,2,1,synthetic_physics_based
SYN-00469,24.9,42.6,17.66,0.03,58.5,904.3,18.7,0.0,18.6,9.7,15,24.1,1,0.9,0,0,0,synthetic_physics_based
SYN-00470,41.2,65.4,24.25,0.084,62.6,841.6,15.4,8.9,20.0,9.8,37,27.4,1,6.51,0,0,0,synthetic_physics_based
SYN-00471,20.3,56.4,36.16,3.413,43.7,866.3,13.3,20.4,3.9,4.0,83,18.4,0,6.13,1,2,1,synthetic_physics_based
SYN-00472,41.3,66.8,25.44,0.184,87.8,942.4,16.6,0.0,6.5,2.8,39,32.7,1,5.58,0,0,0,synthetic_physics_based
SYN-00473,20.9,21.5,0.53,0.931,84.6,237.5,13.1,0.0,8.6,5.7,6,26.4,1,1.08,0,0,0,synthetic_physics_based
SYN-00474,39.6,66.4,26.8,4.419,73.3,369.9,19.4,0.0,5.6,1.8,83,28.5,1,3.71,0,1,1,synthetic_physics_based
SYN-00475,31.6,49.4,17.83,0.465,62.0,652.3,14.4,0.0,12.2,6.8,57,20.3,1,6.3,0,2,0,synthetic_physics_based
SYN-00476,41.8,82.2,40.33,2.681,82.2,485.4,18.5,24.1,18.2,10.0,81,37.8,1,5.58,1,2,1,synthetic_physics_based
SYN-00477,21.6,30.1,8.49,0.651,37.8,426.6,10.6,0.0,21.1,10.3,19,24.0,1,1.45,0,0,0,synthetic_physics_based
SYN-00478,32.2,54.0,21.78,1.364,77.4,372.0,2.8,0.0,19.9,10.4,63,30.7,0,2.3,0,2,0,synthetic_physics_based
SYN-00479,41.3,60.6,19.24,0.343,37.5,584.4,10.8,0.0,11.7,4.8,31,29.6,1,0.8,0,0,0,synthetic_physics_based
SYN-00480,31.5,63.1,31.63,0.553,77.7,568.0,3.0,13.0,15.1,8.3,75,33.7,0,5.01,1,1,0,synthetic_physics_based
SYN-00481,33.8,57.9,24.09,0.694,46.5,195.3,12.1,0.0,7.4,1.4,79,23.9,0,2.72,0,2,1,synthetic_physics_based
SYN-00482,35.3,48.2,12.87,1.463,82.6,474.6,9.9,0.0,10.7,5.8,10,33.1,1,0.4,0,0,0,synthetic_physics_based
SYN-00483,30.0,66.3,36.3,2.422,86.6,548.1,12.6,0.0,19.6,11.7,87,25.7,1,4.6,1,2,1,synthetic_physics_based
SYN-00484,33.8,58.9,25.08,0.426,38.9,563.3,0.7,0.0,3.6,1.9,67,26.2,1,3.18,0,2,1,synthetic_physics_based
SYN-00485,32.9,57.8,24.94,4.373,57.8,239.1,4.3,0.0,13.1,6.2,62,31.5,1,5.59,0,1,1,synthetic_physics_based
SYN-00486,39.8,50.1,10.29,0.606,88.9,718.0,10.1,0.0,19.6,9.8,3,33.7,0,1.62,0,0,0,synthetic_physics_based
SYN-00487,21.0,34.7,13.66,1.451,59.0,72.7,19.0,6.8,5.3,4.7,18,31.3,0,1.97,0,0,0,synthetic_physics_based
SYN-00488,26.2,38.0,11.81,0.416,81.8,369.3,8.0,0.0,21.7,12.2,25,36.0,0,1.23,0,0,0,synthetic_physics_based
SYN-00489,40.9,62.6,21.7,1.065,65.3,752.2,8.8,0.0,3.2,3.0,20,23.7,1,1.82,0,0,0,synthetic_physics_based
SYN-00490,39.6,69.1,29.47,1.83,52.5,557.5,14.4,0.0,19.8,12.3,58,36.0,0,2.34,0,2,1,synthetic_physics_based
SYN-00491,30.0,49.3,19.28,3.25,47.1,285.0,12.3,0.0,9.7,4.7,86,20.6,0,5.61,0,2,1,synthetic_physics_based
SYN-00492,33.6,63.1,29.42,3.167,42.2,675.5,6.3,0.0,5.5,1.5,50,31.2,0,3.75,0,0,1,synthetic_physics_based
SYN-00493,26.1,53.6,27.53,0.69,75.7,560.7,8.5,0.0,6.0,4.3,79,29.0,1,0.82,0,2,1,synthetic_physics_based
SYN-00494,24.1,44.0,19.86,0.995,53.2,766.6,4.7,0.0,16.3,7.7,10,27.9,1,1.66,0,0,0,synthetic_physics_based
SYN-00495,30.2,47.1,16.91,1.163,60.7,711.5,19.3,0.0,19.5,9.9,21,24.2,1,0.8,0,0,0,synthetic_physics_based
SYN-00496,27.8,42.4,14.62,0.946,59.5,599.1,3.0,0.0,15.2,8.5,29,28.1,0,1.28,0,0,0,synthetic_physics_based
SYN-00497,32.8,43.6,10.75,0.146,64.6,489.4,7.8,13.3,20.6,11.0,10,21.2,0,1.72,0,0,0,synthetic_physics_based
SYN-00498,21.7,27.2,5.52,1.463,81.9,169.9,1.0,0.0,19.0,7.0,13,25.4,0,1.77,0,0,0,synthetic_physics_based
SYN-00499,41.4,51.9,10.42,3.329,88.8,285.2,4.8,0.0,3.2,1.0,47,20.0,0,2.07,0,0,0,synthetic_physics_based
SYN-00500,41.7,54.9,13.22,0.942,54.5,427.2,15.7,0.0,15.7,10.2,23,29.4,0,1.65,0,0,0,synthetic_physics_based
SYN-00501,35.4,54.4,19.07,0.994,79.7,589.4,4.4,0.0,8.8,4.7,50,19.9,0,2.77,0,0,0,synthetic_physics_based
SYN-00502,31.8,45.2,13.38,4.463,75.9,512.3,2.1,0.0,11.6,7.5,87,21.2,0,4.67,0,2,1,synthetic_physics_based
SYN-00503,26.8,34.3,7.54,0.906,64.4,309.4,9.8,5.7,4.8,1.4,4,19.7,0,0.65,0,0,0,synthetic_physics_based
SYN-00504,37.9,55.8,17.9,1.958,87.4,55.8,0.7,0.0,8.4,2.9,67,25.6,0,1.69,0,1,0,synthetic_physics_based
SYN-00505,35.1,73.0,37.89,4.162,42.0,496.6,2.2,28.4,15.0,9.3,85,34.8,1,1.4,1,2,1,synthetic_physics_based
SYN-00506,23.6,39.2,15.59,2.523,36.6,307.1,16.2,0.0,7.1,5.9,53,36.1,1,3.16,0,0,0,synthetic_physics_based
SYN-00507,40.0,47.5,7.48,0.033,81.2,711.1,15.5,0.0,15.3,7.1,2,19.4,1,1.48,0,0,0,synthetic_physics_based
SYN-00508,38.1,57.1,19.05,3.854,56.3,71.6,18.3,0.0,20.5,12.8,68,30.7,0,0.27,0,1,0,synthetic_physics_based
SYN-00509,40.9,64.0,23.11,1.289,80.8,576.3,17.2,0.0,3.1,1.0,65,31.7,0,5.86,0,1,1,synthetic_physics_based
SYN-00510,36.0,63.9,27.96,1.012,83.6,897.3,13.8,0.0,17.9,7.4,79,28.7,1,3.69,0,2,1,synthetic_physics_based
SYN-00511,33.5,49.7,16.24,0.588,33.7,207.0,1.5,0.0,15.2,9.2,57,31.3,0,1.27,0,2,0,synthetic_physics_based
SYN-00512,29.2,48.2,19.05,4.068,83.0,474.5,15.8,16.2,3.9,1.0,70,22.7,1,0.66,0,2,0,synthetic_physics_based
SYN-00513,40.5,40.1,-0.38,0.047,56.9,132.3,17.0,0.0,18.0,8.1,7,27.8,1,1.14,0,0,0,synthetic_physics_based
SYN-00514,39.1,48.7,9.61,0.175,60.6,613.1,16.1,0.0,7.3,2.2,19,25.8,1,0.01,0,0,0,synthetic_physics_based
SYN-00515,21.0,36.3,15.26,1.163,67.6,545.5,10.4,5.7,8.1,3.9,44,19.8,1,3.6,0,0,0,synthetic_physics_based
SYN-00516,20.6,37.1,16.52,1.579,85.6,416.6,5.0,0.0,4.8,1.0,63,30.5,1,6.05,0,1,0,synthetic_physics_based
SYN-00517,28.3,45.5,17.19,3.106,31.1,519.2,17.0,0.0,13.2,8.1,65,27.9,1,6.34,0,1,1,synthetic_physics_based
SYN-00518,37.8,59.2,21.32,0.314,58.6,856.9,14.7,0.0,12.5,7.6,39,23.5,0,5.86,0,0,0,synthetic_physics_based
SYN-00519,41.7,70.0,28.27,1.684,71.3,226.7,19.6,0.0,9.6,6.0,83,27.5,0,2.43,0,2,0,synthetic_physics_based
SYN-00520,23.3,34.5,11.17,0.612,73.4,70.3,3.5,0.0,6.2,5.2,26,33.5,0,0.27,0,0,0,synthetic_physics_based
SYN-00521,33.1,63.3,30.18,0.766,71.6,825.5,4.9,0.0,18.9,11.9,44,34.0,0,6.91,1,0,1,synthetic_physics_based
SYN-00522,28.4,33.2,4.82,1.346,38.1,569.4,4.6,0.0,19.7,9.4,12,31.0,0,1.6,0,0,0,synthetic_physics_based
SYN-00523,41.3,54.1,12.74,0.687,48.0,851.6,16.0,0.0,13.3,8.3,22,27.4,0,0.96,0,0,0,synthetic_physics_based
SYN-00524,38.5,66.4,27.92,2.414,51.5,587.3,4.1,8.3,7.6,5.9,77,29.5,1,2.44,0,1,0,synthetic_physics_based
SYN-00525,38.4,57.0,18.59,1.443,78.3,779.1,1.8,0.0,4.8,3.9,14,25.7,0,1.37,0,0,0,synthetic_physics_based
SYN-00526,30.3,54.2,23.9,4.381,46.7,436.7,20.0,0.0,19.5,12.1,86,20.5,0,4.43,0,2,1,synthetic_physics_based
SYN-00527,29.1,41.5,12.38,0.841,42.6,724.9,1.0,0.0,4.8,2.4,30,25.7,0,1.14,0,0,0,synthetic_physics_based
SYN-00528,26.0,54.6,28.61,0.877,87.4,871.7,16.8,17.9,3.3,1.0,44,28.6,1,1.55,0,0,0,synthetic_physics_based
SYN-00529,21.2,50.5,29.21,1.046,30.5,564.9,7.6,0.0,11.9,6.2,84,30.0,0,0.77,0,2,1,synthetic_physics_based
SYN-00530,39.0,56.9,17.89,1.105,89.9,212.7,16.9,0.0,16.9,8.2,38,36.7,1,2.96,0,1,0,synthetic_physics_based
SYN-00531,37.9,56.3,18.39,3.463,70.6,291.9,11.3,24.9,11.7,7.9,59,33.5,1,1.87,0,1,0,synthetic_physics_based
SYN-00532,42.0,46.7,4.67,0.32,79.7,228.8,18.1,0.0,4.0,2.5,42,21.0,1,4.12,0,1,0,synthetic_physics_based
SYN-00533,41.9,58.8,16.83,3.771,47.7,272.2,18.6,0.0,16.1,10.1,52,21.5,0,4.95,0,0,0,synthetic_physics_based
SYN-00534,32.2,49.6,17.34,2.597,30.9,325.8,0.7,0.0,15.2,6.2,63,20.0,1,2.31,0,1,1,synthetic_physics_based
SYN-00535,36.9,57.0,20.06,1.633,74.3,549.6,2.0,0.0,15.9,8.1,61,32.8,1,4.86,0,1,1,synthetic_physics_based
SYN-00536,40.8,56.2,15.41,0.272,80.0,579.2,5.4,15.3,7.0,2.3,34,32.1,0,1.32,0,0,0,synthetic_physics_based
SYN-00537,38.7,60.3,21.64,0.425,74.4,433.8,13.6,0.0,18.1,7.5,39,37.7,0,4.52,0,0,0,synthetic_physics_based
SYN-00538,25.4,45.3,19.91,0.927,38.6,603.9,17.8,24.3,12.1,7.1,41,28.4,0,4.5,0,0,0,synthetic_physics_based
SYN-00539,29.9,44.3,14.41,0.206,75.2,123.4,9.5,0.0,13.2,5.7,37,34.5,1,2.09,0,0,0,synthetic_physics_based
SYN-00540,22.8,38.5,15.65,0.623,76.1,129.0,12.3,13.1,13.4,6.8,65,29.5,0,4.52,0,2,0,synthetic_physics_based
SYN-00541,41.0,72.9,31.87,3.613,69.5,204.6,4.2,25.4,8.4,3.2,79,35.5,1,2.79,1,2,1,synthetic_physics_based
SYN-00542,33.3,49.5,16.2,1.074,76.0,516.3,16.2,0.0,7.8,3.7,32,32.4,0,0.3,0,0,0,synthetic_physics_based
SYN-00543,25.0,21.4,-3.62,0.464,80.8,242.6,19.4,26.6,3.1,2.6,8,30.9,1,1.29,0,0,0,synthetic_physics_based
SYN-00544,34.8,44.3,9.56,0.088,66.8,305.0,5.7,0.0,10.5,4.4,18,29.3,1,1.18,0,0,0,synthetic_physics_based
SYN-00545,33.6,54.5,20.86,0.729,35.3,410.3,10.1,0.0,12.2,6.0,45,32.5,0,5.55,0,0,0,synthetic_physics_based
SYN-00546,27.9,48.5,20.65,0.414,59.3,780.7,2.2,7.0,17.1,10.2,33,26.4,0,0.57,0,0,0,synthetic_physics_based
SYN-00547,22.5,22.6,0.1,0.597,34.7,62.5,11.4,0.0,4.3,3.4,5,19.9,0,1.29,0,0,0,synthetic_physics_based
SYN-00548,34.8,49.6,14.82,1.929,54.5,634.4,10.3,21.9,20.6,10.7,82,18.8,0,6.32,0,1,0,synthetic_physics_based
SYN-00549,31.4,55.9,24.4,2.249,54.4,652.0,3.3,0.0,8.0,4.9,74,27.6,1,2.58,0,1,0,synthetic_physics_based
SYN-00550,37.0,55.7,18.75,0.58,34.0,768.8,9.1,0.0,10.0,6.7,36,30.0,0,0.4,0,1,0,synthetic_physics_based
SYN-00551,31.4,46.5,15.09,1.447,50.9,889.5,7.0,0.0,3.9,1.0,23,19.6,1,0.53,0,0,0,synthetic_physics_based
SYN-00552,38.7,50.0,11.3,0.399,36.7,68.1,10.7,0.0,15.4,7.4,40,23.7,0,1.15,0,0,0,synthetic_physics_based
SYN-00553,32.1,34.8,2.64,0.504,78.5,188.4,11.9,0.0,16.5,8.5,5,24.4,0,1.4,0,0,0,synthetic_physics_based
SYN-00554,32.3,59.4,27.05,0.494,86.9,847.6,0.7,7.9,20.6,12.0,34,29.3,1,0.26,0,0,0,synthetic_physics_based
SYN-00555,39.3,50.3,11.03,0.72,34.3,462.7,15.3,0.0,9.4,5.5,24,23.6,1,1.33,0,0,0,synthetic_physics_based
SYN-00556,28.9,45.3,16.45,1.265,87.3,558.1,14.4,0.0,7.9,4.4,17,19.9,0,0.67,0,0,0,synthetic_physics_based
SYN-00557,22.9,46.4,23.45,2.821,61.4,646.7,7.6,12.0,16.8,7.7,71,21.3,1,0.49,0,2,0,synthetic_physics_based
SYN-00558,20.6,46.4,25.74,1.427,48.0,661.2,1.5,0.0,16.4,10.3,81,21.5,0,2.21,0,2,1,synthetic_physics_based
SYN-00559,36.6,54.2,17.58,0.173,34.6,888.6,15.2,0.0,20.8,10.7,22,34.9,1,0.9,0,0,0,synthetic_physics_based
SYN-00560,33.6,46.1,12.46,1.342,60.0,947.3,19.1,0.0,6.9,3.4,15,23.7,0,1.55,0,0,0,synthetic_physics_based
SYN-00561,35.5,50.2,14.7,0.278,77.7,698.1,5.2,0.0,16.4,9.3,15,32.3,0,0.17,0,0,0,synthetic_physics_based
SYN-00562,24.7,42.3,17.63,0.059,72.4,308.5,6.8,0.0,4.3,5.3,25,29.4,1,1.58,0,0,0,synthetic_physics_based
SYN-00563,23.0,50.7,27.75,1.699,33.0,841.8,4.1,0.0,12.1,5.7,53,37.5,0,4.71,0,0,1,synthetic_physics_based
SYN-00564,20.3,23.4,3.05,0.286,34.4,94.3,11.8,0.0,5.3,1.9,21,23.5,0,0.41,0,0,0,synthetic_physics_based
SYN-00565,27.7,42.5,14.82,4.423,54.2,258.0,3.5,0.0,15.4,7.9,66,21.2,0,5.24,0,1,0,synthetic_physics_based
SYN-00566,33.0,58.6,25.6,0.675,47.7,857.6,7.4,0.0,14.4,9.7,32,19.0,1,0.93,0,0,0,synthetic_physics_based
SYN-00567,28.6,40.1,11.5,1.074,43.9,280.6,14.1,0.0,3.9,2.4,21,22.8,1,1.98,0,0,0,synthetic_physics_based
SYN-00568,29.6,56.0,26.42,2.607,46.9,248.6,11.4,0.0,9.1,5.6,68,31.7,1,5.84,0,2,1,synthetic_physics_based
SYN-00569,39.9,41.8,1.93,0.747,78.2,174.3,8.0,0.0,10.5,7.0,44,19.7,1,6.33,0,1,0,synthetic_physics_based
SYN-00570,27.7,52.9,25.26,3.29,85.8,823.2,8.7,0.0,7.7,5.9,83,22.9,1,5.81,0,1,1,synthetic_physics_based
SYN-00571,31.3,55.0,23.71,1.648,54.3,500.1,11.5,0.0,3.7,1.0,66,35.1,0,1.2,0,2,1,synthetic_physics_based
SYN-00572,37.2,55.6,18.32,0.066,84.4,657.4,0.6,0.0,9.1,5.8,14,29.7,0,0.55,0,0,0,synthetic_physics_based
SYN-00573,28.7,37.9,9.21,0.052,49.3,265.2,2.0,0.0,18.1,11.7,15,19.4,1,0.99,0,0,0,synthetic_physics_based
SYN-00574,33.7,52.6,18.89,0.641,58.6,732.2,17.7,0.0,9.8,5.7,20,19.0,0,1.83,0,0,0,synthetic_physics_based
SYN-00575,39.0,48.4,9.44,1.217,43.6,734.0,2.0,25.7,9.1,3.8,34,19.2,0,1.42,0,0,0,synthetic_physics_based
SYN-00576,40.9,61.4,20.53,1.007,68.4,331.3,14.3,0.0,20.9,10.0,36,36.8,1,5.76,0,1,0,synthetic_physics_based
SYN-00577,23.2,56.3,33.04,2.877,88.7,419.6,18.4,0.0,3.8,2.8,83,35.0,1,4.9,1,2,1,synthetic_physics_based
SYN-00578,40.4,43.0,2.64,0.268,66.2,238.7,5.8,0.0,17.6,7.9,9,34.9,0,1.32,0,0,0,synthetic_physics_based
SYN-00579,30.8,65.9,35.09,0.729,51.5,928.9,7.7,0.0,12.2,5.5,71,36.5,0,2.82,1,2,1,synthetic_physics_based
SYN-00580,25.7,39.0,13.29,0.635,68.9,631.0,11.6,0.0,20.9,10.8,30,28.1,1,0.39,0,0,0,synthetic_physics_based
SYN-00581,30.1,58.3,28.15,0.598,37.4,891.1,17.7,15.9,10.5,6.2,77,22.9,1,1.5,0,2,0,synthetic_physics_based
SYN-00582,41.6,61.9,20.32,2.801,83.3,323.0,18.9,5.3,16.5,9.9,63,26.0,0,6.92,0,2,1,synthetic_physics_based
SYN-00583,30.8,57.6,26.8,0.574,60.2,753.7,14.9,23.9,4.3,1.3,35,32.4,0,1.7,0,0,0,synthetic_physics_based
SYN-00584,27.2,38.9,11.7,0.876,57.0,739.3,2.2,0.0,20.6,9.4,13,35.5,1,1.43,0,0,0,synthetic_physics_based
SYN-00585,33.9,59.9,26.01,0.844,65.2,672.5,13.5,0.0,9.5,6.5,79,26.7,0,2.97,0,2,0,synthetic_physics_based
SYN-00586,25.3,46.2,20.91,1.344,67.5,919.1,8.5,0.0,13.0,8.1,46,28.7,1,5.36,0,0,0,synthetic_physics_based
SYN-00587,21.7,47.9,26.25,3.749,34.3,404.2,9.7,0.0,5.6,3.8,56,36.6,0,2.83,0,2,1,synthetic_physics_based
SYN-00588,22.8,20.7,-2.17,0.486,71.0,167.6,1.5,0.0,21.0,12.1,9,20.1,0,1.61,0,0,0,synthetic_physics_based
SYN-00589,22.8,59.0,36.15,4.289,44.5,654.5,4.2,0.0,15.8,8.1,87,35.2,0,5.49,1,2,1,synthetic_physics_based
SYN-00590,23.3,35.8,12.49,1.163,72.8,706.4,15.9,0.0,4.0,1.9,36,21.2,1,0.99,0,0,0,synthetic_physics_based
SYN-00591,23.1,32.9,9.82,0.285,79.4,567.6,9.4,4.2,5.9,3.4,3,27.7,1,0.37,0,0,0,synthetic_physics_based
SYN-00592,34.1,45.9,11.83,0.229,78.2,236.1,6.4,7.3,10.6,4.6,19,22.4,0,1.21,0,0,0,synthetic_physics_based
SYN-00593,24.0,36.8,12.8,0.522,63.2,504.0,8.0,10.5,7.1,4.5,28,30.1,1,1.26,0,0,0,synthetic_physics_based
SYN-00594,27.6,39.2,11.6,0.618,61.2,331.0,17.2,0.0,8.8,5.0,23,29.2,0,1.5,0,0,0,synthetic_physics_based
SYN-00595,39.7,44.5,4.76,1.398,38.6,434.7,15.1,9.6,22.0,11.9,7,25.6,1,0.88,0,0,0,synthetic_physics_based
SYN-00596,30.4,61.9,31.45,2.229,76.5,630.7,5.8,17.2,15.5,9.9,76,35.3,0,1.75,1,1,0,synthetic_physics_based
SYN-00597,34.7,43.4,8.72,1.301,46.3,720.7,2.8,0.0,20.5,11.1,14,31.2,1,0.97,0,0,0,synthetic_physics_based
SYN-00598,23.8,42.9,19.13,2.167,59.8,259.0,5.4,0.0,11.3,7.2,46,32.4,0,6.48,0,0,0,synthetic_physics_based
SYN-00599,24.2,31.7,7.47,1.328,47.1,414.8,18.5,3.1,16.5,7.3,15,21.0,1,1.04,0,0,0,synthetic_physics_based
SYN-00600,20.9,44.2,23.34,2.259,38.0,292.2,11.8,26.9,11.7,7.7,67,35.7,1,0.4,0,2,0,synthetic_physics_based
SYN-00601,23.7,30.2,6.51,1.063,67.8,228.8,10.9,0.0,9.2,6.0,15,21.3,0,1.34,0,0,0,synthetic_physics_based
SYN-00602,26.1,39.6,13.43,1.915,33.3,755.0,12.1,0.0,12.9,10.3,51,22.5,0,3.82,0,0,0,synthetic_physics_based
SYN-00603,23.9,49.6,25.76,1.995,74.9,868.3,7.6,13.4,11.1,8.5,88,20.6,0,5.36,0,1,0,synthetic_physics_based
SYN-00604,22.0,30.3,8.35,0.382,49.1,383.2,16.2,0.0,21.6,13.3,8,26.8,1,0.35,0,0,0,synthetic_physics_based
SYN-00605,22.7,53.7,31.02,3.463,30.0,726.2,10.7,0.0,12.4,6.0,69,35.8,0,0.48,1,2,1,synthetic_physics_based
SYN-00606,30.1,64.1,33.95,3.385,60.7,857.3,2.8,0.0,18.4,8.8,62,23.0,1,4.84,1,2,1,synthetic_physics_based
SYN-00607,24.5,53.0,28.49,0.383,32.8,811.5,3.0,0.0,15.7,7.5,51,25.5,1,3.22,0,0,0,synthetic_physics_based
SYN-00608,28.0,50.0,21.96,3.187,46.6,214.5,11.0,0.0,12.1,7.4,63,34.9,0,6.14,0,2,1,synthetic_physics_based
SYN-00609,31.1,58.3,27.19,2.192,72.4,910.7,18.8,8.1,12.0,8.5,68,30.4,0,5.22,0,1,0,synthetic_physics_based
SYN-00610,35.2,60.4,25.26,2.501,33.8,389.0,6.5,0.0,9.5,3.4,78,33.0,1,2.65,0,1,1,synthetic_physics_based
SYN-00611,20.9,32.0,11.16,0.411,80.4,355.3,17.5,20.8,5.0,1.5,16,22.3,1,0.49,0,0,0,synthetic_physics_based
SYN-00612,37.6,61.8,24.22,3.373,30.2,106.2,15.4,12.7,17.5,9.7,84,32.3,1,3.57,0,1,1,synthetic_physics_based
SYN-00613,33.8,51.0,17.23,1.114,44.8,487.6,5.3,1.7,20.4,9.5,24,22.6,0,0.64,0,0,0,synthetic_physics_based
SYN-00614,21.8,26.3,4.47,0.908,74.5,148.1,1.2,0.0,7.1,3.3,6,37.7,0,1.66,0,0,0,synthetic_physics_based
SYN-00615,39.2,57.6,18.41,2.668,49.0,273.7,2.5,0.0,20.6,13.2,57,29.2,1,1.71,0,2,0,synthetic_physics_based
SYN-00616,40.3,60.1,19.89,0.243,36.1,335.2,14.7,0.0,7.4,5.2,31,31.9,1,1.29,0,0,0,synthetic_physics_based
SYN-00617,21.3,30.2,8.9,0.209,51.6,777.9,4.4,10.7,13.1,8.4,6,20.4,1,1.33,0,0,0,synthetic_physics_based
SYN-00618,26.1,61.1,35.05,4.326,46.2,837.9,7.7,21.4,9.5,3.8,79,23.0,0,1.62,1,2,1,synthetic_physics_based
SYN-00619,37.7,50.8,13.1,0.085,80.6,322.2,10.3,0.0,5.2,1.0,29,20.8,0,1.04,0,0,0,synthetic_physics_based
SYN-00620,36.5,76.5,40.09,2.678,48.8,822.8,14.6,0.0,4.0,1.6,67,25.8,0,5.53,1,2,1,synthetic_physics_based
SYN-00621,24.1,48.8,24.71,3.455,77.3,821.5,2.7,0.0,9.9,2.0,75,23.7,1,0.72,0,1,1,synthetic_physics_based
SYN-00622,24.6,43.6,18.98,0.179,83.5,738.2,8.4,0.0,3.9,2.8,3,32.7,0,1.57,0,0,0,synthetic_physics_based
SYN-00623,28.2,36.2,8.03,0.614,56.0,182.0,10.0,0.0,5.0,3.9,28,20.2,1,0.07,0,0,0,synthetic_physics_based
SYN-00624,30.7,60.5,29.87,3.648,84.6,671.3,11.0,4.3,5.7,2.0,74,33.0,1,1.43,0,2,1,synthetic_physics_based
SYN-00625,33.6,56.5,22.87,3.553,52.6,900.5,16.5,0.0,3.0,2.5,48,18.9,0,6.77,0,1,1,synthetic_physics_based
SYN-00626,28.1,53.5,25.43,0.392,87.8,664.3,3.8,9.4,5.9,4.1,80,22.0,0,4.31,0,1,0,synthetic_physics_based
SYN-00627,30.2,35.3,5.16,0.621,35.4,348.5,16.3,10.2,14.0,6.0,10,33.8,1,1.91,0,0,0,synthetic_physics_based
SYN-00628,36.4,52.7,16.25,1.139,71.2,500.5,14.0,0.0,18.6,9.6,33,32.9,0,0.86,0,0,0,synthetic_physics_based
SYN-00629,20.8,47.1,26.29,2.614,59.6,631.2,11.3,0.0,6.7,3.0,67,27.5,0,5.12,0,2,1,synthetic_physics_based
SYN-00630,25.6,42.6,17.08,3.317,53.3,509.5,14.1,0.0,4.5,3.9,69,19.0,0,6.79,0,2,1,synthetic_physics_based
SYN-00631,35.7,43.3,7.62,0.787,68.0,158.0,8.5,0.0,16.9,10.4,12,30.2,1,0.87,0,0,0,synthetic_physics_based
SYN-00632,39.7,55.9,16.24,3.219,72.2,330.9,3.2,15.6,3.2,2.6,57,26.1,1,3.63,0,1,0,synthetic_physics_based
SYN-00633,31.3,54.0,22.79,0.562,30.3,772.2,13.5,1.7,16.9,8.5,44,24.3,1,3.7,0,0,0,synthetic_physics_based
SYN-00634,31.7,49.4,17.66,1.4,40.0,825.3,10.7,0.0,5.5,5.1,13,30.8,1,1.31,0,0,0,synthetic_physics_based
SYN-00635,22.4,32.2,9.8,0.528,72.8,173.6,13.0,0.0,7.3,4.3,24,26.7,1,0.37,0,0,0,synthetic_physics_based
SYN-00636,29.8,45.9,16.08,0.548,70.0,907.1,7.1,2.0,5.3,3.6,44,19.8,1,4.79,0,0,0,synthetic_physics_based
SYN-00637,31.7,58.5,26.8,1.694,88.0,345.9,18.2,0.0,7.7,6.8,57,36.3,1,1.14,0,2,1,synthetic_physics_based
SYN-00638,25.3,36.5,11.13,1.44,75.7,646.1,12.0,7.6,18.2,11.0,16,33.6,0,1.16,0,0,0,synthetic_physics_based
SYN-00639,25.9,39.9,14.02,0.685,87.0,726.6,2.2,1.1,5.5,2.9,21,19.1,0,1.36,0,0,0,synthetic_physics_based
SYN-00640,28.3,55.8,27.48,2.004,72.2,780.8,9.3,28.0,21.9,11.3,76,28.5,1,6.04,0,2,0,synthetic_physics_based
SYN-00641,20.4,43.2,22.73,0.467,47.9,901.2,15.2,13.5,9.2,2.5,51,19.7,1,6.29,0,1,0,synthetic_physics_based
SYN-00642,27.1,37.9,10.77,0.379,36.3,331.6,16.0,0.0,20.5,8.9,21,34.7,0,1.28,0,0,0,synthetic_physics_based
SYN-00643,24.7,55.1,30.46,3.868,76.9,822.7,10.1,14.4,6.6,4.9,60,30.3,1,4.84,1,2,1,synthetic_physics_based
SYN-00644,27.2,39.0,11.79,3.496,68.6,168.5,17.9,0.0,6.6,1.0,51,21.4,0,4.95,0,0,0,synthetic_physics_based
SYN-00645,22.6,35.0,12.41,1.035,32.9,684.5,5.7,14.7,13.7,9.1,21,18.4,0,0.99,0,0,0,synthetic_physics_based
SYN-00646,39.6,44.7,5.06,0.891,51.6,717.8,8.5,0.0,4.0,3.4,6,18.6,1,0.92,0,0,0,synthetic_physics_based
SYN-00647,33.1,63.8,30.78,1.126,87.4,660.0,18.0,0.0,18.2,8.7,73,28.1,0,1.47,1,1,0,synthetic_physics_based
SYN-00648,34.9,58.8,23.84,4.308,60.0,277.1,18.0,0.0,11.4,6.5,65,32.7,1,2.81,0,1,1,synthetic_physics_based
SYN-00649,37.4,67.0,29.6,2.812,56.0,835.7,13.9,0.0,16.3,9.8,76,20.4,0,6.94,0,2,1,synthetic_physics_based
SYN-00650,31.0,44.1,13.1,3.468,57.5,202.0,17.3,0.0,6.3,3.6,58,22.4,0,2.04,0,2,1,synthetic_physics_based
SYN-00651,21.9,40.6,18.65,3.298,42.5,98.3,2.2,0.0,15.2,10.2,78,24.5,1,5.38,0,2,1,synthetic_physics_based
SYN-00652,31.8,41.3,9.47,0.089,52.1,695.7,17.4,25.9,14.3,5.8,6,22.4,1,0.32,0,0,0,synthetic_physics_based
SYN-00653,32.9,51.2,18.31,4.287,52.2,477.9,6.8,0.0,17.4,10.3,65,25.8,0,3.38,0,2,0,synthetic_physics_based
SYN-00654,36.4,68.7,32.28,0.436,33.1,814.2,4.0,0.0,8.7,3.8,86,29.2,1,0.6,1,2,1,synthetic_physics_based
SYN-00655,29.5,48.2,18.75,1.23,76.1,395.1,5.2,12.8,20.7,8.8,34,31.7,1,0.54,0,0,0,synthetic_physics_based
SYN-00656,22.8,42.0,19.17,3.956,55.0,201.5,8.7,0.0,21.3,10.0,56,37.3,0,0.39,0,2,1,synthetic_physics_based
SYN-00657,26.2,61.2,34.94,1.908,79.3,802.8,5.4,0.0,19.5,9.9,75,36.6,0,4.37,1,2,1,synthetic_physics_based
SYN-00658,28.0,38.3,10.28,0.363,81.0,544.0,6.8,0.0,13.9,7.7,3,29.4,1,1.11,0,0,0,synthetic_physics_based
SYN-00659,34.2,49.0,14.82,0.259,42.7,220.3,3.1,4.5,11.0,4.7,42,32.7,1,5.63,0,0,0,synthetic_physics_based
SYN-00660,32.6,66.4,33.87,3.631,69.4,698.3,6.3,0.6,4.1,1.5,62,37.0,0,4.17,1,1,1,synthetic_physics_based
SYN-00661,27.8,33.9,6.03,1.198,58.3,510.0,11.7,3.8,21.0,11.0,6,19.7,0,1.92,0,0,0,synthetic_physics_based
SYN-00662,41.7,52.4,10.67,1.166,82.8,593.9,9.1,0.0,21.1,10.3,6,18.1,0,1.69,0,0,0,synthetic_physics_based
SYN-00663,33.3,52.2,18.83,0.409,42.9,464.8,7.3,0.0,3.4,1.0,63,18.6,0,1.1,0,1,0,synthetic_physics_based
SYN-00664,25.2,36.0,10.79,1.297,70.7,795.8,15.1,0.0,9.8,6.2,20,29.3,1,0.75,0,0,0,synthetic_physics_based
SYN-00665,22.2,41.6,19.36,1.389,66.5,796.6,17.9,0.0,19.7,13.3,21,33.3,1,1.1,0,0,0,synthetic_physics_based
SYN-00666,23.4,40.0,16.65,0.493,47.7,688.4,15.3,0.0,4.5,2.8,2,25.3,0,1.68,0,0,0,synthetic_physics_based
SYN-00667,25.4,39.5,14.14,2.453,38.2,144.9,7.0,0.0,6.7,3.9,56,28.9,1,3.66,0,1,0,synthetic_physics_based
SYN-00668,23.5,34.2,10.69,0.696,69.1,805.0,15.0,0.0,21.6,11.8,10,28.3,1,1.89,0,0,0,synthetic_physics_based
SYN-00669,24.1,50.5,26.36,1.671,74.3,653.9,3.5,0.0,19.1,9.9,87,19.9,1,3.75,0,2,1,synthetic_physics_based
SYN-00670,26.3,51.7,25.41,2.931,48.9,677.3,3.0,20.8,20.3,12.0,70,24.4,1,5.51,0,1,0,synthetic_physics_based
SYN-00671,23.8,39.3,15.5,0.507,68.7,376.7,7.2,21.1,5.7,4.6,23,18.4,1,0.05,0,0,0,synthetic_physics_based
SYN-00672,39.7,59.7,20.0,0.864,53.7,841.4,16.3,0.0,7.0,2.1,30,20.2,1,0.63,0,0,0,synthetic_physics_based
SYN-00673,21.8,51.0,29.19,0.888,72.8,702.8,5.3,0.0,14.5,9.5,78,34.2,0,5.71,0,2,1,synthetic_physics_based
SYN-00674,31.5,40.5,8.91,0.772,42.0,151.3,1.7,0.0,12.5,9.3,37,34.6,1,1.88,0,0,0,synthetic_physics_based
SYN-00675,29.0,54.4,25.35,2.113,83.4,417.0,3.1,29.4,8.7,3.3,55,34.0,1,6.13,0,0,0,synthetic_physics_based
SYN-00676,41.6,69.5,27.87,4.035,47.2,847.7,17.2,0.0,19.8,12.3,49,32.5,0,1.35,0,0,0,synthetic_physics_based
SYN-00677,22.5,33.1,10.65,0.259,52.1,92.5,12.9,0.0,20.1,13.5,34,33.9,0,0.49,0,0,0,synthetic_physics_based
SYN-00678,28.8,55.2,26.46,1.127,33.5,915.3,5.4,0.0,8.5,5.8,44,31.4,0,5.46,0,0,0,synthetic_physics_based
SYN-00679,41.3,59.2,17.86,1.187,36.7,661.2,11.3,0.0,6.0,3.0,22,31.4,1,0.62,0,0,0,synthetic_physics_based
SYN-00680,39.0,58.3,19.21,0.218,61.0,618.2,10.8,0.0,5.8,4.4,31,31.3,1,0.32,0,0,0,synthetic_physics_based
SYN-00681,38.0,38.2,0.23,1.4,46.1,293.5,13.3,0.0,12.2,5.5,7,28.3,1,1.44,0,0,0,synthetic_physics_based
SYN-00682,25.7,39.2,13.54,0.732,80.1,273.9,5.0,11.3,5.5,2.6,21,25.3,0,1.66,0,0,0,synthetic_physics_based
SYN-00683,23.8,47.3,23.58,0.943,30.9,897.9,17.4,23.5,12.0,5.5,16,32.6,1,0.63,0,0,0,synthetic_physics_based
SYN-00684,34.7,50.9,16.19,0.963,52.7,318.4,6.5,18.4,11.8,4.5,20,24.0,0,0.56,0,0,0,synthetic_physics_based
SYN-00685,40.4,68.8,28.34,0.757,50.2,748.0,14.0,0.0,19.8,11.0,43,28.9,1,3.23,0,1,0,synthetic_physics_based
SYN-00686,32.2,53.9,21.67,0.213,31.2,403.8,0.8,0.0,8.6,5.2,44,26.7,0,6.16,0,0,1,synthetic_physics_based
SYN-00687,32.6,43.3,10.68,1.185,37.5,175.3,7.8,0.0,13.7,8.5,47,23.5,1,0.81,0,0,0,synthetic_physics_based
SYN-00688,26.2,34.1,7.98,0.873,54.8,59.6,7.4,0.0,17.1,2.7,19,37.5,1,1.34,0,0,0,synthetic_physics_based
SYN-00689,36.9,59.2,22.3,1.283,59.6,539.8,11.1,22.1,14.3,8.2,48,23.2,1,6.49,0,0,0,synthetic_physics_based
SYN-00690,24.1,47.2,23.1,1.104,54.3,928.2,1.9,26.2,21.1,11.7,79,24.2,1,5.15,0,1,0,synthetic_physics_based
SYN-00691,27.1,44.3,17.15,4.387,61.9,382.2,15.9,0.0,14.4,6.3,69,21.2,1,6.32,0,1,0,synthetic_physics_based
SYN-00692,29.4,31.5,2.15,0.823,65.7,371.5,4.7,0.0,20.1,10.4,11,34.5,0,0.58,0,0,0,synthetic_physics_based
SYN-00693,31.2,57.2,26.03,1.27,30.6,359.7,13.7,0.0,7.7,5.3,79,29.7,1,3.79,0,2,1,synthetic_physics_based
SYN-00694,25.3,45.8,20.43,0.529,57.8,518.5,16.2,0.0,13.7,7.7,29,30.3,1,0.85,0,0,0,synthetic_physics_based
SYN-00695,22.5,42.3,19.8,0.076,87.8,446.6,11.5,13.6,13.3,7.3,45,34.4,0,4.47,0,0,0,synthetic_physics_based
SYN-00696,33.4,58.3,24.86,2.07,61.1,841.9,14.9,0.0,21.8,13.3,68,24.9,1,1.06,0,1,0,synthetic_physics_based
SYN-00697,26.3,41.9,15.55,1.36,70.7,505.0,13.4,0.0,6.9,7.3,36,21.9,1,1.51,0,0,0,synthetic_physics_based
SYN-00698,32.8,51.1,18.29,2.049,48.7,507.0,7.4,0.0,5.7,2.8,48,22.0,1,3.76,0,0,0,synthetic_physics_based
SYN-00699,23.4,51.3,27.95,1.672,76.4,174.5,16.3,0.0,14.6,8.4,87,32.7,1,0.98,0,2,0,synthetic_physics_based
SYN-00700,30.6,44.2,13.61,1.2,76.4,934.5,6.2,5.1,7.3,2.7,15,30.3,1,0.24,0,0,0,synthetic_physics_based
SYN-00701,31.7,45.0,13.29,0.015,61.3,275.0,11.6,0.0,15.1,11.5,44,22.1,1,3.65,0,0,0,synthetic_physics_based
SYN-00702,21.1,35.2,14.03,0.979,88.6,116.0,15.0,0.0,21.5,11.0,67,20.9,1,2.78,0,2,0,synthetic_physics_based
SYN-00703,27.4,53.8,26.37,1.06,37.5,646.8,7.9,0.0,21.0,8.8,74,20.4,1,1.27,0,1,0,synthetic_physics_based
SYN-00704,23.0,41.9,18.95,1.184,31.0,585.8,6.4,0.0,7.4,5.0,40,30.6,1,3.03,0,1,0,synthetic_physics_based
SYN-00705,21.4,48.7,27.26,1.743,76.2,423.6,9.5,12.1,6.2,1.0,86,18.0,0,2.26,0,1,0,synthetic_physics_based
SYN-00706,41.8,51.0,9.22,1.169,78.4,430.0,16.5,0.0,13.7,9.5,14,18.4,0,1.81,0,0,0,synthetic_physics_based
SYN-00707,27.1,50.4,23.34,3.687,37.2,756.6,18.6,0.0,14.1,8.7,63,25.8,0,6.78,0,2,1,synthetic_physics_based
SYN-00708,37.8,58.5,20.66,4.095,45.9,226.1,11.1,18.5,15.6,7.0,81,31.8,1,2.0,0,1,0,synthetic_physics_based
SYN-00709,25.6,58.2,32.59,3.62,31.1,788.2,13.4,0.0,17.1,10.4,85,31.9,1,4.9,1,1,1,synthetic_physics_based
SYN-00710,35.0,52.9,17.92,1.287,47.6,633.9,18.1,0.0,14.4,7.4,51,26.6,1,0.82,0,0,0,synthetic_physics_based
SYN-00711,36.7,63.4,26.7,4.416,76.4,427.1,2.4,12.0,5.1,3.5,79,31.8,1,6.41,0,1,1,synthetic_physics_based
SYN-00712,33.1,60.6,27.54,1.825,61.1,462.2,5.0,0.0,18.0,8.0,58,28.4,0,4.22,0,2,1,synthetic_physics_based
SYN-00713,30.4,33.6,3.21,0.504,50.9,281.0,14.3,0.0,4.5,1.0,15,37.5,1,1.47,0,0,0,synthetic_physics_based
SYN-00714,29.1,46.3,17.23,2.398,52.3,726.9,16.6,0.0,3.4,2.3,65,21.2,1,5.52,0,1,0,synthetic_physics_based
SYN-00715,27.7,56.4,28.76,3.346,30.1,511.6,17.2,27.9,17.6,12.5,88,30.0,0,4.32,0,2,1,synthetic_physics_based
SYN-00716,40.4,52.9,12.43,0.65,48.0,338.8,8.6,0.0,13.4,6.4,55,27.8,0,0.68,0,0,0,synthetic_physics_based
SYN-00717,38.3,57.2,18.95,2.964,68.8,586.4,2.2,23.6,16.3,7.9,76,21.9,1,3.12,0,2,0,synthetic_physics_based
SYN-00718,41.2,60.2,19.0,1.072,88.5,946.2,9.0,7.7,10.3,5.1,10,33.0,0,0.83,0,0,0,synthetic_physics_based
SYN-00719,22.7,37.6,14.85,0.421,80.8,441.7,5.0,0.0,3.2,1.0,42,23.5,1,3.51,0,0,0,synthetic_physics_based
SYN-00720,36.1,54.0,17.94,0.485,31.4,878.6,6.2,0.0,9.3,5.9,11,25.6,0,0.82,0,0,0,synthetic_physics_based
SYN-00721,40.6,52.0,11.4,0.431,83.9,360.5,15.6,0.7,14.6,9.4,16,25.5,1,0.89,0,0,0,synthetic_physics_based
SYN-00722,24.0,44.6,20.61,2.039,77.0,99.3,2.0,0.0,7.3,4.7,73,22.9,0,1.88,0,2,1,synthetic_physics_based
SYN-00723,21.5,43.7,22.2,1.479,76.8,233.8,16.6,0.0,16.1,8.6,78,26.6,0,1.57,0,1,0,synthetic_physics_based
SYN-00724,36.3,52.1,15.83,0.069,57.5,426.8,8.8,0.0,18.1,8.4,19,27.5,1,0.8,0,0,0,synthetic_physics_based
SYN-00725,32.6,45.3,12.69,0.226,53.9,247.7,12.1,0.0,11.6,9.5,31,32.9,1,0.04,0,0,0,synthetic_physics_based
SYN-00726,38.5,60.8,22.26,3.79,48.2,50.2,2.2,18.5,19.6,9.5,73,33.3,1,6.96,0,1,1,synthetic_physics_based
SYN-00727,23.1,47.6,24.49,4.344,33.9,873.5,7.1,8.3,19.2,9.3,53,21.2,0,4.06,0,0,0,synthetic_physics_based
SYN-00728,37.5,53.4,15.88,0.066,43.7,809.5,2.2,0.0,19.7,8.1,8,29.9,0,1.61,0,0,0,synthetic_physics_based
SYN-00729,24.4,43.7,19.22,0.997,44.8,718.1,19.3,0.0,15.6,6.4,24,35.9,1,0.21,0,0,0,synthetic_physics_based
SYN-00730,23.6,35.4,11.78,0.067,59.0,201.0,16.2,0.0,8.8,5.4,8,20.2,0,1.52,0,0,0,synthetic_physics_based
SYN-00731,23.6,47.6,23.95,2.142,74.8,158.3,9.5,0.0,12.1,6.0,83,27.5,0,1.26,0,2,0,synthetic_physics_based
SYN-00732,37.9,50.9,12.93,3.361,58.4,110.8,4.9,18.0,16.5,7.8,48,33.0,1,1.52,0,0,0,synthetic_physics_based
SYN-00733,34.6,62.5,27.88,0.73,33.5,701.6,18.7,17.4,7.0,2.7,30,30.2,0,0.17,0,0,0,synthetic_physics_based
SYN-00734,31.5,53.5,21.98,3.59,87.5,885.9,7.2,0.0,17.0,8.6,58,20.0,0,0.93,0,1,1,synthetic_physics_based
SYN-00735,27.9,53.0,25.15,2.738,86.6,437.5,3.6,0.0,13.4,6.4,86,25.9,0,5.49,0,1,1,synthetic_physics_based
SYN-00736,39.3,51.1,11.83,0.411,77.1,157.2,11.5,0.0,4.8,4.8,55,28.1,1,0.6,0,0,0,synthetic_physics_based
SYN-00737,28.6,62.2,33.6,3.767,89.5,511.2,18.9,0.0,13.6,6.9,73,37.9,0,0.95,1,1,1,synthetic_physics_based
SYN-00738,38.0,61.4,23.46,1.044,62.7,363.9,0.6,0.0,4.3,2.6,62,21.6,1,3.15,0,2,1,synthetic_physics_based
SYN-00739,29.7,44.6,14.95,0.534,87.8,387.3,5.1,0.0,3.3,1.9,48,37.6,0,2.78,0,0,0,synthetic_physics_based
SYN-00740,28.3,37.6,9.35,1.441,34.5,609.2,18.8,0.0,19.9,11.1,4,25.5,1,1.95,0,0,0,synthetic_physics_based
SYN-00741,30.2,52.3,22.14,0.515,51.9,696.8,3.8,0.0,12.3,6.2,37,22.0,0,6.77,0,1,0,synthetic_physics_based
SYN-00742,26.6,26.5,-0.15,1.456,43.5,149.5,2.7,19.5,13.3,6.6,8,26.3,1,1.75,0,0,0,synthetic_physics_based
SYN-00743,36.4,40.3,3.84,0.875,41.7,82.0,11.6,0.0,8.3,5.5,1,30.3,1,0.8,0,0,0,synthetic_physics_based
SYN-00744,31.1,53.5,22.48,0.659,38.4,944.9,17.3,19.6,13.3,7.7,70,22.3,1,4.91,0,2,0,synthetic_physics_based
SYN-00745,25.1,40.0,14.9,2.98,67.3,259.5,9.8,0.0,6.2,2.3,47,23.8,1,2.98,0,1,0,synthetic_physics_based
SYN-00746,39.8,63.2,23.41,1.486,76.9,98.4,19.9,0.0,17.2,5.2,75,35.1,1,5.23,0,1,1,synthetic_physics_based
SYN-00747,28.4,46.8,18.31,0.591,64.7,220.9,13.7,0.0,18.6,9.3,5,38.0,0,1.0,0,0,0,synthetic_physics_based
SYN-00748,32.0,46.3,14.29,1.803,38.8,85.1,1.9,11.6,19.3,8.6,50,24.4,1,1.42,0,0,0,synthetic_physics_based
SYN-00749,39.9,41.7,1.79,1.063,78.7,402.6,19.9,24.6,5.0,1.4,24,21.0,1,1.77,0,0,0,synthetic_physics_based
SYN-00750,33.7,58.7,24.92,0.567,68.2,772.2,8.5,0.0,13.6,5.5,47,33.9,1,2.98,0,1,0,synthetic_physics_based
SYN-00751,22.6,35.9,13.36,0.937,53.3,357.1,6.1,0.0,18.4,11.8,18,30.0,0,1.94,0,0,0,synthetic_physics_based
SYN-00752,40.7,59.9,19.21,3.142,70.4,449.8,11.4,0.0,5.4,4.7,84,20.0,1,2.65,0,1,0,synthetic_physics_based
SYN-00753,33.8,50.8,17.03,0.372,45.6,658.0,6.4,0.0,4.9,3.8,28,36.9,1,1.98,0,0,0,synthetic_physics_based
SYN-00754,27.4,46.1,18.72,1.32,50.7,508.0,2.2,0.0,18.5,9.7,77,19.6,1,5.73,0,2,0,synthetic_physics_based
SYN-00755,23.1,39.5,16.47,0.02,85.0,825.3,0.5,0.0,18.1,9.0,5,30.5,0,0.74,0,0,0,synthetic_physics_based
SYN-00756,37.5,52.0,14.58,0.823,47.4,829.4,9.3,0.0,11.5,4.1,30,26.5,0,1.19,0,0,0,synthetic_physics_based
SYN-00757,33.6,32.6,-1.08,0.238,58.2,58.9,16.8,0.0,5.1,4.2,1,29.1,1,1.39,0,0,0,synthetic_physics_based
SYN-00758,31.7,63.4,31.65,0.862,83.4,750.2,11.7,3.7,12.8,8.3,86,22.3,1,2.79,1,2,1,synthetic_physics_based
SYN-00759,39.7,66.4,26.71,2.114,72.5,464.7,20.0,27.5,10.5,6.5,82,31.8,1,5.77,0,2,0,synthetic_physics_based
SYN-00760,37.3,64.0,26.66,2.823,33.7,940.0,6.1,0.0,12.9,5.4,46,37.2,1,6.95,0,1,1,synthetic_physics_based
SYN-00761,23.3,40.8,17.5,0.331,38.8,484.9,6.0,13.4,11.4,5.7,69,27.2,1,6.86,0,2,0,synthetic_physics_based
SYN-00762,26.9,51.5,24.62,0.498,30.5,938.2,3.6,0.0,13.8,7.4,31,28.5,1,0.67,0,0,0,synthetic_physics_based
SYN-00763,25.5,51.7,26.28,2.851,67.9,729.1,3.7,0.0,16.8,6.6,70,22.8,1,2.75,0,2,1,synthetic_physics_based
SYN-00764,36.4,61.0,24.64,4.298,56.9,273.7,6.1,0.0,17.7,11.9,56,35.8,1,0.65,0,2,1,synthetic_physics_based
SYN-00765,20.7,56.0,35.26,2.016,38.1,534.6,16.0,0.0,15.3,6.4,89,37.4,0,5.22,1,2,1,synthetic_physics_based
SYN-00766,32.5,56.4,23.88,1.032,87.5,942.9,18.2,0.0,6.8,2.6,28,33.7,0,1.93,0,0,0,synthetic_physics_based
SYN-00767,36.8,54.8,17.98,0.093,61.8,821.8,19.5,0.0,10.5,3.1,16,28.9,1,0.18,0,0,0,synthetic_physics_based
SYN-00768,39.3,52.2,12.89,1.5,44.5,137.6,5.0,0.0,4.4,2.1,54,37.1,1,0.24,0,0,0,synthetic_physics_based
SYN-00769,27.5,56.9,29.39,1.202,60.0,685.7,17.7,0.0,11.6,6.0,53,21.1,0,5.86,0,0,0,synthetic_physics_based
SYN-00770,38.1,50.4,12.32,1.331,70.8,361.0,6.9,0.0,21.4,13.3,12,27.6,0,0.31,0,0,0,synthetic_physics_based
SYN-00771,22.4,28.3,5.91,0.485,34.6,56.3,2.7,0.0,15.2,6.9,20,28.8,1,1.21,0,0,0,synthetic_physics_based
SYN-00772,38.6,62.9,24.32,3.808,46.5,413.1,17.5,0.0,5.9,1.6,82,27.8,0,6.39,0,2,1,synthetic_physics_based
SYN-00773,22.8,41.7,18.9,1.122,78.4,261.3,12.9,0.0,8.1,4.6,34,34.0,1,1.1,0,0,0,synthetic_physics_based
SYN-00774,28.7,55.2,26.44,3.517,57.6,787.0,3.7,0.0,4.2,1.0,53,31.4,1,0.98,0,0,1,synthetic_physics_based
SYN-00775,37.5,57.5,20.0,1.265,62.8,353.6,8.9,1.6,6.5,5.6,64,20.5,0,4.07,0,2,1,synthetic_physics_based
SYN-00776,23.3,38.2,14.93,0.224,56.0,794.8,6.1,8.5,12.3,4.8,23,24.9,1,1.78,0,0,0,synthetic_physics_based
SYN-00777,25.0,27.8,2.77,0.264,32.6,50.5,14.9,14.8,9.6,8.0,27,24.8,1,1.23,0,0,0,synthetic_physics_based
SYN-00778,35.9,44.5,8.6,0.423,39.9,327.0,9.3,0.0,6.9,2.6,17,29.3,1,0.98,0,0,0,synthetic_physics_based
SYN-00779,35.8,49.5,13.62,1.008,56.7,267.0,19.8,0.0,5.8,1.0,48,23.8,0,4.5,0,1,0,synthetic_physics_based
SYN-00780,34.1,43.4,9.3,1.457,42.6,260.2,1.6,0.0,15.5,9.4,21,20.3,0,1.48,0,0,0,synthetic_physics_based
SYN-00781,35.3,55.6,20.35,1.531,33.0,111.4,7.4,0.0,13.6,8.3,50,31.1,1,0.33,0,1,0,synthetic_physics_based
SYN-00782,31.9,51.3,19.37,0.939,80.6,218.4,9.9,0.0,19.0,11.3,40,35.0,0,0.97,0,0,0,synthetic_physics_based
SYN-00783,25.5,40.4,14.86,0.776,88.9,550.0,10.3,13.1,6.5,3.7,3,36.6,0,0.28,0,0,0,synthetic_physics_based
SYN-00784,27.6,34.8,7.21,0.485,77.6,312.2,6.7,0.0,19.1,13.9,17,37.5,0,0.71,0,0,0,synthetic_physics_based
SYN-00785,24.0,46.3,22.33,2.043,81.2,425.7,14.7,11.2,14.0,5.7,61,33.6,0,5.39,0,1,0,synthetic_physics_based
SYN-00786,40.0,58.5,18.53,1.441,44.5,389.2,17.6,13.9,8.1,6.5,50,20.8,0,5.23,0,0,0,synthetic_physics_based
SYN-00787,32.8,75.9,43.07,0.363,87.6,838.3,18.8,3.7,8.2,2.1,87,35.1,0,5.44,1,2,1,synthetic_physics_based
SYN-00788,28.8,46.7,17.9,0.253,41.8,864.8,16.2,22.2,10.4,8.2,6,26.0,1,0.02,0,0,0,synthetic_physics_based
SYN-00789,30.2,43.2,13.02,0.132,87.1,493.7,17.1,0.0,11.7,7.0,28,32.6,1,1.21,0,0,0,synthetic_physics_based
SYN-00790,40.8,59.0,18.19,1.229,89.7,347.1,11.2,0.0,4.6,4.9,72,28.6,0,6.25,0,2,0,synthetic_physics_based
SYN-00791,23.4,42.2,18.81,0.935,72.7,146.1,16.6,0.0,19.0,11.8,55,34.6,1,3.82,0,1,0,synthetic_physics_based
SYN-00792,32.9,56.3,23.36,0.907,88.9,908.1,6.4,8.1,5.3,1.0,58,26.5,0,1.89,0,2,0,synthetic_physics_based
SYN-00793,31.1,41.7,10.57,1.294,64.2,104.2,8.3,0.0,12.2,6.2,45,19.2,1,4.23,0,0,0,synthetic_physics_based
SYN-00794,33.5,60.6,27.2,1.335,45.6,317.9,6.7,0.0,10.3,3.8,72,29.1,0,3.99,0,2,1,synthetic_physics_based
SYN-00795,20.4,29.5,9.11,1.373,56.2,318.3,9.6,0.0,12.7,9.2,19,21.4,0,1.31,0,0,0,synthetic_physics_based
SYN-00796,39.2,48.2,8.98,0.694,65.6,338.4,6.1,0.0,19.9,12.1,29,37.3,1,0.91,0,0,0,synthetic_physics_based
SYN-00797,40.5,47.0,6.46,0.971,34.4,197.9,19.3,15.7,21.8,12.2,23,28.5,0,0.78,0,0,0,synthetic_physics_based
SYN-00798,32.4,55.4,22.99,0.397,67.3,754.8,6.6,16.6,3.4,1.2,32,29.1,1,0.91,0,0,0,synthetic_physics_based
SYN-00799,35.3,42.7,7.39,0.234,88.9,160.2,2.4,0.0,10.5,6.4,10,36.1,0,1.56,0,0,0,synthetic_physics_based
SYN-00800,40.3,64.6,24.26,3.655,41.4,621.4,10.8,0.0,18.5,8.8,49,30.5,0,1.54,0,0,0,synthetic_physics_based
SYN-00801,35.6,58.0,22.43,2.658,77.6,161.5,1.6,0.0,9.2,5.5,65,24.1,1,4.74,0,2,1,synthetic_physics_based
SYN-00802,23.4,32.2,8.87,1.161,84.5,113.5,2.7,25.8,15.3,8.2,29,23.9,1,1.33,0,0,0,synthetic_physics_based
SYN-00803,32.7,61.2,28.52,0.32,86.6,868.5,4.8,0.0,21.9,10.8,59,28.0,0,3.74,0,2,1,synthetic_physics_based
SYN-00804,33.3,53.3,19.94,1.292,87.6,221.1,9.6,0.0,15.3,9.5,45,35.3,0,5.01,0,0,0,synthetic_physics_based
SYN-00805,29.3,55.7,26.36,0.516,61.3,789.1,8.9,0.0,5.1,5.6,67,33.9,0,0.34,0,1,0,synthetic_physics_based
SYN-00806,36.2,58.5,22.3,4.29,88.6,540.2,16.1,25.7,19.0,8.3,51,37.3,1,4.34,0,0,0,synthetic_physics_based
SYN-00807,40.6,41.2,0.69,0.862,75.4,120.1,14.9,12.1,21.4,13.2,11,19.4,1,0.35,0,0,0,synthetic_physics_based
SYN-00808,40.4,73.8,33.44,1.645,39.7,909.9,8.8,0.0,16.5,7.9,86,23.4,0,4.69,1,2,1,synthetic_physics_based
SYN-00809,29.9,43.7,13.78,1.643,58.6,272.3,7.0,0.0,11.0,6.9,82,19.6,1,6.47,0,2,0,synthetic_physics_based
SYN-00810,22.5,39.4,16.88,0.129,73.1,823.7,6.7,0.0,21.0,10.6,6,33.0,0,1.45,0,0,0,synthetic_physics_based
SYN-00811,41.7,55.4,13.74,4.092,44.8,201.9,15.6,0.0,21.4,11.3,67,20.8,0,5.93,0,1,0,synthetic_physics_based
SYN-00812,38.5,60.1,21.65,4.045,68.4,818.5,1.5,0.0,20.8,11.1,62,20.0,0,1.04,0,2,1,synthetic_physics_based
SYN-00813,22.7,28.6,5.82,1.433,70.0,61.9,0.8,0.0,10.8,8.0,5,29.2,1,0.8,0,0,0,synthetic_physics_based
SYN-00814,40.3,44.9,4.67,0.785,39.8,510.6,16.0,22.7,18.0,9.8,9,26.2,0,2.0,0,0,0,synthetic_physics_based
SYN-00815,39.1,56.3,17.17,1.37,63.9,742.5,9.8,0.0,15.4,8.0,28,32.3,1,0.57,0,0,0,synthetic_physics_based
SYN-00816,31.4,76.1,44.64,0.419,76.3,891.3,3.1,0.0,6.4,3.4,83,27.7,1,2.45,1,2,1,synthetic_physics_based
SYN-00817,33.0,70.8,37.82,0.664,59.9,868.3,5.1,0.0,13.2,10.1,77,26.5,0,5.09,1,2,1,synthetic_physics_based
SYN-00818,28.8,42.2,13.43,0.46,30.7,787.7,18.7,23.6,17.2,10.3,38,26.5,0,6.34,0,0,0,synthetic_physics_based
SYN-00819,21.2,45.1,23.86,0.648,30.5,849.4,17.3,21.8,20.0,10.1,43,35.4,0,4.41,0,0,0,synthetic_physics_based
SYN-00820,27.4,35.7,8.33,1.31,51.4,229.3,14.3,0.0,19.4,12.9,21,25.9,1,1.39,0,0,0,synthetic_physics_based
SYN-00821,37.7,49.4,11.7,1.271,85.6,305.8,9.9,0.0,5.9,3.5,62,24.7,1,6.53,0,2,0,synthetic_physics_based
SYN-00822,20.1,42.4,22.3,3.028,43.7,310.1,10.6,0.0,12.3,5.5,46,24.8,0,3.79,0,0,1,synthetic_physics_based
SYN-00823,27.3,46.2,18.84,1.32,68.1,389.3,19.5,0.0,12.1,7.2,70,21.9,0,5.1,0,1,0,synthetic_physics_based
SYN-00824,28.8,45.4,16.59,1.033,43.3,404.0,19.3,10.2,20.1,10.8,38,35.2,0,6.26,0,0,0,synthetic_physics_based
SYN-00825,31.8,50.3,18.45,2.311,49.3,540.1,4.7,0.0,3.0,1.0,49,20.9,0,6.93,0,0,0,synthetic_physics_based
SYN-00826,40.2,67.0,26.73,1.046,80.9,193.9,16.3,0.0,17.0,9.9,75,36.2,1,3.64,0,1,1,synthetic_physics_based
SYN-00827,27.6,50.5,22.89,3.98,73.7,672.1,4.3,7.2,14.8,6.5,81,23.7,0,5.69,0,1,0,synthetic_physics_based
SYN-00828,27.6,47.6,19.92,1.339,35.7,200.8,4.7,0.0,20.5,9.4,39,36.0,0,4.05,0,0,0,synthetic_physics_based
SYN-00829,36.2,61.7,25.5,3.94,55.7,329.3,13.7,0.0,11.7,3.5,71,33.8,1,3.51,0,1,1,synthetic_physics_based
SYN-00830,29.9,50.4,20.46,0.466,31.8,503.0,8.4,0.0,15.5,8.7,30,29.6,0,1.93,0,0,0,synthetic_physics_based
SYN-00831,24.9,40.1,15.2,0.365,58.9,766.8,18.7,0.0,21.5,11.6,21,31.4,1,1.64,0,0,0,synthetic_physics_based
SYN-00832,30.0,34.3,4.31,0.858,69.7,715.5,2.2,15.6,17.1,10.8,1,24.5,0,0.86,0,0,0,synthetic_physics_based
SYN-00833,23.1,60.3,37.2,0.694,37.1,631.0,10.5,9.0,4.3,1.2,89,29.5,1,5.12,1,2,1,synthetic_physics_based
SYN-00834,23.9,36.1,12.21,1.139,47.3,190.2,18.4,0.0,6.2,2.7,32,23.8,0,0.82,0,0,0,synthetic_physics_based
SYN-00835,31.0,45.9,14.94,1.09,53.9,542.3,18.1,11.7,18.6,13.2,8,26.0,1,0.15,0,0,0,synthetic_physics_based
SYN-00836,29.2,55.0,25.76,4.067,85.2,128.7,3.6,0.0,9.4,2.2,69,33.3,0,5.05,0,2,1,synthetic_physics_based
SYN-00837,40.1,52.0,11.85,0.209,89.6,389.6,7.6,10.1,16.4,10.9,30,22.9,1,0.81,0,0,0,synthetic_physics_based
SYN-00838,28.0,35.4,7.48,0.316,32.7,422.2,12.6,4.5,16.3,7.8,8,34.8,0,1.86,0,0,0,synthetic_physics_based
SYN-00839,32.8,37.7,4.96,1.113,75.7,85.8,3.6,0.0,21.9,16.7,19,25.5,1,0.61,0,0,0,synthetic_physics_based
SYN-00840,33.9,54.6,20.72,2.366,52.3,296.6,19.4,0.0,11.9,7.6,59,28.6,0,6.63,0,2,1,synthetic_physics_based
SYN-00841,20.3,52.4,32.07,2.526,53.5,910.1,18.3,7.1,17.0,8.4,55,36.8,1,4.61,1,0,1,synthetic_physics_based
SYN-00842,34.6,49.4,14.79,0.637,75.3,908.3,3.8,28.3,3.9,1.0,30,31.6,1,1.71,0,0,0,synthetic_physics_based
SYN-00843,23.9,49.2,25.32,0.876,85.1,367.1,2.9,0.0,11.8,7.1,79,30.9,1,2.96,0,2,0,synthetic_physics_based
SYN-00844,41.1,57.7,16.56,0.319,87.1,88.8,2.2,0.0,6.5,1.0,36,32.2,1,6.67,0,0,0,synthetic_physics_based
SYN-00845,23.3,43.0,19.7,3.894,64.6,211.2,18.2,0.0,19.0,11.5,55,36.4,0,4.76,0,1,1,synthetic_physics_based
SYN-00846,29.1,52.7,23.54,1.427,51.4,403.0,4.3,0.0,19.0,8.3,44,23.0,0,2.31,0,0,0,synthetic_physics_based
SYN-00847,21.9,39.0,17.1,0.287,77.3,903.0,8.6,0.0,7.5,2.7,27,30.3,1,0.72,0,0,0,synthetic_physics_based
SYN-00848,41.9,62.5,20.59,1.462,45.1,177.1,9.3,0.0,9.0,1.0,77,26.0,0,4.4,0,2,1,synthetic_physics_based
SYN-00849,31.0,50.4,19.34,2.257,63.8,737.2,12.2,28.2,16.3,9.2,78,18.2,0,1.79,0,2,0,synthetic_physics_based
SYN-00850,33.1,41.1,7.98,2.229,51.5,147.8,1.9,26.7,17.0,9.8,54,20.5,0,5.33,0,0,0,synthetic_physics_based
SYN-00851,21.5,42.5,20.98,4.48,69.4,933.1,4.9,0.0,15.5,8.6,48,24.5,0,1.73,0,0,0,synthetic_physics_based
SYN-00852,36.5,58.7,22.25,1.275,44.4,393.5,18.7,26.9,21.9,9.5,30,29.3,1,1.66,0,0,0,synthetic_physics_based
SYN-00853,24.6,46.8,22.17,1.301,41.5,747.7,18.2,0.0,19.5,12.9,39,35.6,1,4.94,0,0,0,synthetic_physics_based
SYN-00854,39.8,46.2,6.45,0.895,85.1,358.3,15.7,12.8,10.9,5.8,13,33.8,1,1.9,0,0,0,synthetic_physics_based
SYN-00855,24.5,38.0,13.51,1.377,36.1,614.9,0.9,0.0,9.2,4.3,16,29.1,0,1.1,0,0,0,synthetic_physics_based
SYN-00856,24.2,33.8,9.64,0.878,60.4,222.8,6.9,28.5,14.3,9.1,44,19.5,1,5.63,0,0,0,synthetic_physics_based
SYN-00857,20.8,40.7,19.9,3.967,43.3,181.4,12.7,0.0,18.5,9.5,71,23.7,1,6.41,0,2,1,synthetic_physics_based
SYN-00858,30.4,41.9,11.56,0.624,32.3,894.3,5.9,15.9,12.0,7.3,27,25.3,1,0.75,0,0,0,synthetic_physics_based
SYN-00859,32.4,53.7,21.22,1.371,32.2,875.9,18.2,0.0,17.0,8.2,45,30.4,1,5.95,0,0,0,synthetic_physics_based
SYN-00860,21.4,43.8,22.32,1.236,40.5,848.7,12.9,16.8,3.4,3.1,35,19.3,1,1.41,0,0,0,synthetic_physics_based
SYN-00861,37.1,63.3,26.22,4.193,82.0,612.9,1.9,10.0,20.6,12.5,79,28.6,0,5.74,0,1,1,synthetic_physics_based
SYN-00862,30.0,47.5,17.51,0.865,46.9,777.4,18.2,0.0,17.7,9.1,28,36.0,0,1.89,0,0,0,synthetic_physics_based
SYN-00863,31.5,31.9,0.41,1.345,87.0,112.1,19.2,0.0,10.5,6.0,7,32.1,0,0.2,0,0,0,synthetic_physics_based
SYN-00864,29.7,55.4,25.67,1.926,64.9,351.3,2.0,0.0,10.3,5.6,62,33.9,1,2.44,0,1,1,synthetic_physics_based
SYN-00865,28.8,50.0,21.18,1.092,56.2,332.3,10.9,0.0,5.0,2.5,51,31.6,1,1.37,0,0,0,synthetic_physics_based
SYN-00866,32.3,54.3,21.99,1.236,64.8,622.1,6.4,15.6,18.5,8.4,46,22.1,1,1.21,0,0,0,synthetic_physics_based
SYN-00867,23.4,27.9,4.51,0.551,61.0,370.4,8.2,12.6,17.6,8.1,20,20.2,1,1.09,0,0,0,synthetic_physics_based
SYN-00868,24.0,32.8,8.77,0.761,75.5,183.7,4.0,0.0,15.0,7.7,38,34.6,1,3.24,0,0,0,synthetic_physics_based
SYN-00869,39.0,68.7,29.75,2.371,46.9,586.8,11.8,0.0,4.9,2.8,61,31.9,1,3.75,0,1,1,synthetic_physics_based
SYN-00870,40.8,61.7,20.91,0.591,51.2,782.9,19.2,0.0,8.0,3.1,32,29.5,1,0.13,0,0,0,synthetic_physics_based
SYN-00871,28.2,36.6,8.43,0.806,83.6,393.9,10.3,0.0,11.7,6.5,26,21.8,0,1.52,0,0,0,synthetic_physics_based
SYN-00872,26.0,42.3,16.32,3.127,86.8,169.0,2.1,0.0,8.1,1.0,58,30.1,0,1.68,0,2,1,synthetic_physics_based
SYN-00873,34.2,38.8,4.59,0.385,83.6,227.0,12.6,0.0,11.2,6.2,39,18.6,0,5.26,0,0,0,synthetic_physics_based
SYN-00874,29.0,34.4,5.38,0.187,55.2,263.7,7.1,0.0,7.3,4.1,20,20.4,0,1.37,0,0,0,synthetic_physics_based
SYN-00875,20.6,42.5,21.96,3.165,76.8,319.9,17.2,0.0,9.6,6.5,82,24.2,1,6.27,0,1,1,synthetic_physics_based
SYN-00876,23.4,45.8,22.34,2.709,58.6,628.5,9.0,0.0,15.4,10.6,50,26.9,0,2.98,0,0,0,synthetic_physics_based
SYN-00877,35.8,57.9,22.18,4.408,59.9,590.9,4.3,0.0,20.0,12.0,79,20.4,1,4.37,0,2,1,synthetic_physics_based
SYN-00878,34.5,53.1,18.61,3.938,42.3,676.5,4.2,18.3,10.3,8.4,52,20.4,0,1.47,0,0,0,synthetic_physics_based
SYN-00879,20.6,52.4,31.77,0.551,65.5,376.3,15.5,12.4,16.1,8.8,86,32.5,0,1.19,1,1,0,synthetic_physics_based
SYN-00880,24.9,42.3,17.39,1.385,41.2,791.6,5.7,19.3,5.6,3.1,22,29.4,1,1.35,0,0,0,synthetic_physics_based
SYN-00881,25.1,39.4,14.34,1.713,49.9,233.7,15.5,11.4,13.3,8.5,53,28.7,1,3.12,0,0,0,synthetic_physics_based
SYN-00882,34.8,58.0,23.23,3.165,81.3,472.1,4.5,24.7,20.5,11.1,85,27.0,0,6.91,0,2,1,synthetic_physics_based
SYN-00883,20.4,45.8,25.38,2.892,42.4,770.8,6.8,5.6,3.5,1.4,66,37.5,1,3.77,0,2,1,synthetic_physics_based
SYN-00884,22.3,34.9,12.64,1.275,34.3,212.1,9.6,0.0,8.1,6.5,43,19.0,0,5.95,0,0,0,synthetic_physics_based
SYN-00885,37.6,60.3,22.71,3.882,34.1,148.9,18.9,0.0,5.5,4.1,82,21.6,1,6.86,0,2,1,synthetic_physics_based
SYN-00886,23.9,39.8,15.87,0.263,86.4,845.3,18.7,0.0,13.1,8.2,23,31.0,1,0.52,0,0,0,synthetic_physics_based
SYN-00887,34.4,48.0,13.65,4.036,60.4,358.6,4.5,1.4,15.9,7.5,77,20.7,0,5.65,0,2,1,synthetic_physics_based
SYN-00888,25.2,48.9,23.62,1.483,54.6,665.5,7.5,0.0,4.1,3.7,64,29.8,1,0.35,0,2,1,synthetic_physics_based
SYN-00889,22.2,26.7,4.47,1.119,78.7,72.8,3.4,0.0,4.3,2.5,9,29.4,1,1.64,0,0,0,synthetic_physics_based
SYN-00890,25.3,36.1,10.72,0.517,80.1,671.0,10.4,0.0,19.5,9.3,7,37.4,1,0.14,0,0,0,synthetic_physics_based
SYN-00891,35.9,51.1,15.16,1.122,49.9,334.5,9.5,0.0,11.7,7.5,41,35.7,1,3.45,0,0,0,synthetic_physics_based
SYN-00892,38.8,56.4,17.57,1.861,71.6,100.2,18.1,17.1,11.8,4.7,54,36.9,0,1.3,0,1,0,synthetic_physics_based
SYN-00893,38.3,58.9,20.65,0.436,76.3,598.8,18.6,0.0,20.9,7.9,65,20.3,1,4.39,0,2,1,synthetic_physics_based
SYN-00894,28.7,35.0,6.26,0.54,69.3,266.7,8.0,0.0,9.1,2.3,2,35.4,1,1.35,0,0,0,synthetic_physics_based
SYN-00895,34.7,40.5,5.78,0.551,39.1,398.1,10.1,0.0,20.0,10.7,4,20.6,1,0.27,0,0,0,synthetic_physics_based
SYN-00896,24.5,44.8,20.26,3.664,82.6,122.5,18.0,0.0,21.5,14.1,78,30.7,0,5.27,0,1,1,synthetic_physics_based
SYN-00897,26.4,30.1,3.68,1.292,62.3,182.4,16.2,21.2,7.6,4.6,32,32.4,1,1.73,0,0,0,synthetic_physics_based
SYN-00898,39.7,48.8,9.11,0.068,46.9,318.2,0.6,22.0,12.8,6.9,2,21.2,1,0.67,0,0,0,synthetic_physics_based
SYN-00899,20.3,39.4,19.14,3.587,55.5,130.8,6.7,0.0,13.2,9.2,64,30.7,1,6.24,0,1,0,synthetic_physics_based
SYN-00900,21.9,43.8,21.96,0.272,32.3,869.7,8.7,24.5,19.5,11.5,14,19.0,0,0.35,0,0,0,synthetic_physics_based
SYN-00901,24.6,31.4,6.83,1.491,37.7,55.4,5.0,1.0,8.8,6.4,20,23.9,0,1.77,0,0,0,synthetic_physics_based
SYN-00902,20.6,54.5,33.91,3.123,75.9,485.5,4.4,24.4,18.2,11.4,89,36.4,0,6.15,1,2,1,synthetic_physics_based
SYN-00903,24.0,29.2,5.2,4.492,30.0,160.9,1.2,3.3,21.4,11.3,49,21.4,1,6.22,0,1,1,synthetic_physics_based
SYN-00904,32.8,32.7,-0.11,0.998,55.0,326.9,13.0,28.8,19.0,10.1,8,19.3,1,1.6,0,0,0,synthetic_physics_based
SYN-00905,29.3,61.3,32.0,1.104,61.4,883.5,5.6,17.3,20.3,9.9,63,26.9,1,6.78,1,2,0,synthetic_physics_based
SYN-00906,39.6,58.2,18.52,0.953,33.3,195.5,1.5,13.6,16.5,10.3,46,35.0,1,3.82,0,0,0,synthetic_physics_based
SYN-00907,38.0,61.7,23.73,0.369,88.4,919.2,5.0,0.0,20.2,9.3,21,19.5,1,1.64,0,0,0,synthetic_physics_based
SYN-00908,27.5,52.8,25.32,0.868,43.6,235.2,16.1,0.0,6.1,2.0,87,25.1,0,3.23,0,2,1,synthetic_physics_based
SYN-00909,25.7,45.0,19.27,1.43,48.3,717.4,17.1,2.7,16.5,9.0,32,36.0,0,1.65,0,0,0,synthetic_physics_based
SYN-00910,28.4,29.0,0.69,1.104,48.2,542.0,9.9,0.0,16.9,9.5,8,20.4,1,1.52,0,0,0,synthetic_physics_based
SYN-00911,33.0,51.9,18.95,1.033,43.8,846.0,8.6,23.9,11.3,7.1,16,24.2,1,1.36,0,0,0,synthetic_physics_based
SYN-00912,25.9,41.5,15.59,1.132,30.1,548.6,19.6,0.0,4.5,2.4,40,33.6,1,3.22,0,0,0,synthetic_physics_based
SYN-00913,33.7,47.8,14.03,0.484,73.8,531.1,4.4,28.3,14.8,7.6,27,28.9,1,1.26,0,0,0,synthetic_physics_based
SYN-00914,29.0,39.3,10.32,1.094,88.0,225.9,4.7,0.0,4.0,3.3,18,34.6,1,1.01,0,0,0,synthetic_physics_based
SYN-00915,32.1,38.6,6.43,0.349,43.5,199.6,6.2,0.0,10.3,7.0,35,20.2,0,0.92,0,0,0,synthetic_physics_based
SYN-00916,29.6,55.6,26.01,1.741,69.8,874.8,3.9,0.0,10.5,3.2,52,36.4,1,3.53,0,0,1,synthetic_physics_based
SYN-00917,26.5,35.2,8.73,1.335,74.5,345.1,7.9,0.0,22.0,13.7,15,36.7,1,1.01,0,0,0,synthetic_physics_based
SYN-00918,40.9,49.6,8.78,0.951,80.9,384.9,18.3,0.0,8.7,4.3,63,21.1,1,1.74,0,2,0,synthetic_physics_based
SYN-00919,36.8,52.4,15.56,2.873,55.4,733.8,12.5,25.5,18.6,12.6,53,18.7,0,1.52,0,0,0,synthetic_physics_based
SYN-00920,23.1,49.6,26.48,4.497,48.2,354.9,8.5,0.0,4.0,1.2,81,37.8,1,5.31,0,2,1,synthetic_physics_based
SYN-00921,39.1,67.4,28.31,3.041,49.5,906.9,18.7,0.0,13.1,5.7,66,27.6,0,3.44,0,2,1,synthetic_physics_based
SYN-00922,30.7,45.7,14.96,1.258,72.8,714.1,1.4,0.0,13.2,8.2,31,29.4,0,1.27,0,0,0,synthetic_physics_based
SYN-00923,39.7,62.0,22.36,1.693,79.0,587.7,4.6,0.0,14.9,11.4,61,30.3,1,1.95,0,2,0,synthetic_physics_based
SYN-00924,37.6,66.8,29.23,4.213,40.9,842.8,11.5,0.0,18.4,7.7,64,33.8,0,3.63,0,1,1,synthetic_physics_based
SYN-00925,29.4,48.9,19.54,0.742,52.3,94.6,12.5,27.9,17.5,10.9,34,34.2,1,0.32,0,0,0,synthetic_physics_based
SYN-00926,20.5,37.9,17.37,2.284,84.1,281.4,1.3,0.0,17.5,10.4,55,21.9,0,3.08,0,0,0,synthetic_physics_based
SYN-00927,25.9,43.8,17.9,1.784,78.4,468.5,8.4,11.8,11.2,6.1,59,22.7,1,4.81,0,1,0,synthetic_physics_based
SYN-00928,31.9,38.6,6.68,1.2,89.1,254.3,13.2,14.5,16.8,12.4,3,35.5,1,0.62,0,0,0,synthetic_physics_based
SYN-00929,33.9,53.8,19.83,0.55,75.3,719.5,14.1,0.0,12.3,3.9,17,34.4,0,0.62,0,0,0,synthetic_physics_based
SYN-00930,25.7,60.1,34.39,0.801,53.6,877.3,12.9,13.9,4.3,4.0,78,30.4,1,2.42,1,2,0,synthetic_physics_based
SYN-00931,23.1,49.9,26.87,1.603,65.4,431.4,6.8,11.3,19.9,12.4,78,37.9,1,1.44,0,2,0,synthetic_physics_based
SYN-00932,38.4,55.8,17.42,2.124,69.7,357.9,2.3,0.0,19.9,12.7,46,32.7,1,5.71,0,0,0,synthetic_physics_based
SYN-00933,41.7,59.1,17.49,0.143,34.7,915.4,8.8,0.0,9.1,6.6,38,22.3,1,6.36,0,1,0,synthetic_physics_based
SYN-00934,31.6,47.4,15.8,0.215,62.7,450.4,3.0,0.0,20.4,11.6,35,34.9,1,0.26,0,0,0,synthetic_physics_based
SYN-00935,23.8,31.1,7.32,1.325,72.6,490.1,19.0,10.4,17.4,9.1,1,26.3,0,1.14,0,0,0,synthetic_physics_based
SYN-00936,26.0,40.4,14.44,0.164,40.0,366.5,9.8,21.1,10.6,4.9,29,18.7,0,1.56,0,0,0,synthetic_physics_based
SYN-00937,20.4,31.7,11.34,0.144,76.8,868.6,6.7,15.0,9.3,6.0,4,24.4,0,1.86,0,0,0,synthetic_physics_based
SYN-00938,40.1,62.1,21.99,1.09,65.0,562.1,15.4,14.9,21.5,11.8,61,33.3,1,4.9,0,2,0,synthetic_physics_based
SYN-00939,22.6,36.5,13.93,0.969,87.1,736.0,10.2,0.0,16.5,8.8,17,37.2,1,0.61,0,0,0,synthetic_physics_based
SYN-00940,32.7,48.0,15.28,0.151,32.5,780.6,6.5,0.0,10.2,4.8,28,23.5,1,1.3,0,0,0,synthetic_physics_based
SYN-00941,26.0,39.8,13.76,0.407,45.9,357.7,16.3,0.0,15.2,7.7,50,22.9,1,5.04,0,0,0,synthetic_physics_based
SYN-00942,32.2,42.4,10.19,0.221,66.1,440.3,17.4,0.0,13.9,8.8,8,29.3,1,0.9,0,0,0,synthetic_physics_based
SYN-00943,34.3,53.6,19.24,1.15,47.8,813.6,13.6,0.0,13.0,7.2,34,34.2,0,0.04,0,0,0,synthetic_physics_based
SYN-00944,38.3,60.6,22.32,1.147,72.9,376.9,1.4,0.0,15.2,10.2,59,32.9,0,3.79,0,1,1,synthetic_physics_based
SYN-00945,24.5,41.4,16.88,0.937,75.5,764.5,11.5,0.0,13.2,5.2,18,29.2,1,1.77,0,0,0,synthetic_physics_based
SYN-00946,20.2,51.4,31.17,2.894,36.2,896.9,15.4,10.2,15.4,9.4,59,30.6,0,5.98,1,1,1,synthetic_physics_based
SYN-00947,23.0,36.9,13.85,0.312,60.8,610.9,3.2,0.0,20.2,9.6,27,22.8,1,1.66,0,0,0,synthetic_physics_based
SYN-00948,39.8,57.9,18.15,0.965,60.5,717.5,5.0,0.0,21.9,13.8,16,26.7,0,0.06,0,0,0,synthetic_physics_based
SYN-00949,39.2,54.8,15.6,0.926,52.2,774.6,17.7,4.3,16.5,10.9,10,23.1,0,1.3,0,0,0,synthetic_physics_based
SYN-00950,33.1,69.4,36.3,4.332,86.0,810.5,0.9,0.0,20.6,9.2,76,35.7,1,6.45,1,2,1,synthetic_physics_based
SYN-00951,33.2,41.1,7.85,1.314,79.7,405.5,15.2,0.0,19.3,9.5,22,20.3,0,1.88,0,0,0,synthetic_physics_based
SYN-00952,34.6,41.4,6.75,0.765,71.8,96.1,9.7,19.2,8.6,3.6,16,31.6,1,1.8,0,0,0,synthetic_physics_based
SYN-00953,23.9,34.0,10.19,0.735,72.9,411.7,9.2,1.8,20.7,13.3,12,23.2,0,1.98,0,0,0,synthetic_physics_based
SYN-00954,40.1,65.0,24.87,3.008,57.7,656.4,0.6,0.0,4.3,1.5,75,27.5,1,0.97,0,2,1,synthetic_physics_based
SYN-00955,29.2,57.7,28.46,3.305,85.3,455.3,16.5,0.0,9.3,6.1,84,24.0,1,6.35,0,2,1,synthetic_physics_based
SYN-00956,28.4,60.6,32.14,0.705,71.7,724.1,7.5,0.0,15.2,7.3,51,24.5,1,3.23,1,0,0,synthetic_physics_based
SYN-00957,31.4,34.8,3.42,0.757,73.7,371.3,11.0,0.0,13.0,8.8,1,23.2,1,1.93,0,0,0,synthetic_physics_based
SYN-00958,21.0,36.3,15.24,0.878,81.7,621.3,13.7,0.0,13.3,9.1,27,33.1,0,1.16,0,0,0,synthetic_physics_based
SYN-00959,23.7,39.2,15.54,2.094,46.4,217.8,14.2,0.0,18.1,12.5,67,25.3,0,0.35,0,2,0,synthetic_physics_based
SYN-00960,36.2,45.6,9.4,0.882,78.4,724.4,19.1,11.7,6.7,3.4,12,32.5,0,1.88,0,0,0,synthetic_physics_based
SYN-00961,21.8,33.5,11.7,0.336,41.7,541.1,10.9,10.4,21.7,11.9,30,27.1,1,1.14,0,0,0,synthetic_physics_based
SYN-00962,33.3,42.5,9.25,0.882,50.7,233.7,8.3,0.0,11.3,6.0,9,28.9,1,0.32,0,0,0,synthetic_physics_based
SYN-00963,25.4,42.5,17.14,0.301,50.1,312.7,19.1,0.0,21.0,11.6,53,28.9,0,6.95,0,1,0,synthetic_physics_based
SYN-00964,28.6,66.4,37.84,0.78,88.7,723.7,13.0,0.0,10.3,5.0,61,37.5,1,3.55,1,2,1,synthetic_physics_based
SYN-00965,26.4,44.0,17.7,1.876,81.4,484.3,6.3,0.0,14.4,9.5,54,25.3,0,3.44,0,1,0,synthetic_physics_based
SYN-00966,27.8,40.1,12.24,1.332,72.1,244.4,3.0,0.0,11.6,5.2,37,22.2,0,4.42,0,0,0,synthetic_physics_based
SYN-00967,35.8,66.0,30.2,0.861,73.6,920.5,16.9,21.8,15.8,8.5,65,36.2,1,0.25,1,2,0,synthetic_physics_based
SYN-00968,26.5,44.4,17.9,0.761,63.7,693.6,7.6,0.0,6.5,3.9,42,21.5,0,4.07,0,0,0,synthetic_physics_based
SYN-00969,32.5,61.1,28.66,2.104,86.8,911.4,13.4,22.1,10.6,6.6,49,34.7,1,4.48,0,0,0,synthetic_physics_based
SYN-00970,30.5,29.6,-0.87,0.397,59.8,434.4,9.7,0.0,4.3,1.0,4,21.0,1,0.58,0,0,0,synthetic_physics_based
SYN-00971,34.6,55.2,20.58,0.857,52.8,477.6,4.4,12.4,14.4,7.5,64,31.2,1,5.14,0,2,0,synthetic_physics_based
SYN-00972,40.6,70.3,29.68,3.399,39.8,858.2,12.2,0.0,21.3,11.7,79,21.0,1,2.77,1,2,1,synthetic_physics_based
SYN-00973,36.1,61.9,25.81,3.891,77.2,522.5,1.7,0.0,3.9,3.3,51,36.5,1,5.08,0,0,1,synthetic_physics_based
SYN-00974,24.7,47.8,23.12,3.036,74.1,686.6,8.6,0.0,15.5,8.2,72,29.3,1,1.18,0,1,1,synthetic_physics_based
SYN-00975,20.7,35.7,15.01,0.484,53.1,277.0,11.2,0.0,17.7,9.6,60,24.6,0,6.41,0,2,0,synthetic_physics_based
SYN-00976,25.8,38.2,12.48,2.151,31.5,452.1,9.0,0.0,7.0,4.1,87,20.8,1,6.18,0,2,1,synthetic_physics_based
SYN-00977,33.1,52.1,18.97,3.072,80.3,161.1,15.1,27.1,8.2,6.1,79,25.4,0,1.22,0,1,0,synthetic_physics_based
SYN-00978,21.1,38.0,16.9,0.142,30.7,235.4,16.6,24.1,6.8,1.0,31,32.1,0,0.74,0,0,0,synthetic_physics_based
SYN-00979,30.9,52.1,21.17,4.298,72.2,50.8,15.5,3.4,8.7,4.9,72,25.7,1,3.99,0,2,1,synthetic_physics_based
SYN-00980,33.1,50.4,17.3,1.962,88.2,85.3,1.3,0.0,5.1,4.6,58,22.9,1,4.97,0,1,0,synthetic_physics_based
SYN-00981,27.4,64.0,36.62,2.887,56.3,929.6,4.3,0.0,10.0,4.3,82,29.5,0,5.91,1,1,1,synthetic_physics_based
SYN-00982,37.0,46.7,9.73,1.419,44.1,268.1,11.0,15.4,10.0,4.4,4,26.4,0,1.25,0,0,0,synthetic_physics_based
SYN-00983,22.3,35.6,13.3,0.395,72.3,647.0,18.7,4.6,18.3,11.9,22,21.3,0,1.69,0,0,0,synthetic_physics_based
SYN-00984,21.7,32.8,11.14,1.01,79.0,805.2,16.8,0.0,18.2,9.5,3,21.1,0,1.82,0,0,0,synthetic_physics_based
SYN-00985,36.0,70.0,33.97,1.397,62.8,545.6,16.9,5.4,18.1,9.5,79,32.1,1,3.44,1,2,0,synthetic_physics_based
SYN-00986,30.9,49.4,18.55,0.876,88.0,187.8,6.4,0.0,13.8,8.0,47,37.5,0,2.55,0,0,0,synthetic_physics_based
SYN-00987,35.1,46.2,11.01,0.509,33.1,705.3,8.9,0.0,9.2,1.0,38,22.7,1,3.64,0,0,0,synthetic_physics_based
SYN-00988,29.6,52.8,23.23,0.936,60.3,590.2,9.7,0.0,10.8,3.2,33,33.5,1,0.95,0,0,0,synthetic_physics_based
SYN-00989,25.4,48.3,22.92,4.373,73.1,708.1,3.6,11.4,9.0,5.8,78,19.8,1,4.84,0,2,1,synthetic_physics_based
SYN-00990,38.0,57.2,19.13,3.92,81.8,742.8,1.1,0.0,14.1,7.4,48,25.6,1,0.58,0,0,0,synthetic_physics_based
SYN-00991,37.6,71.1,33.54,1.158,40.8,927.9,19.0,0.0,20.8,11.2,65,28.1,0,2.66,1,1,0,synthetic_physics_based
SYN-00992,35.3,52.6,17.29,0.154,78.0,566.2,5.2,11.4,8.4,3.6,26,23.4,0,1.78,0,0,0,synthetic_physics_based
SYN-00993,26.0,29.7,3.69,0.67,63.2,357.5,5.2,0.0,11.7,6.0,8,28.6,1,1.9,0,0,0,synthetic_physics_based
SYN-00994,33.0,57.0,23.97,3.171,53.8,633.6,2.1,6.7,15.4,10.3,50,35.7,0,6.21,0,0,1,synthetic_physics_based
SYN-00995,27.9,50.2,22.29,3.096,37.9,111.6,18.6,18.7,19.0,10.7,80,36.9,1,0.74,0,2,1,synthetic_physics_based
SYN-00996,22.0,38.3,16.24,0.651,81.9,857.7,11.8,0.0,7.8,5.9,38,20.0,0,5.54,0,1,0,synthetic_physics_based
SYN-00997,40.2,32.6,-7.57,1.107,39.4,157.4,13.5,0.0,8.3,4.3,10,23.4,0,0.1,0,0,0,synthetic_physics_based
SYN-00998,23.0,37.3,14.32,1.169,48.6,345.1,18.3,22.8,19.8,10.9,42,37.6,0,6.82,0,0,0,synthetic_physics_based
SYN-00999,40.9,59.7,18.79,1.154,47.4,784.2,7.2,0.0,4.5,3.0,37,23.4,0,4.14,0,0,0,synthetic_physics_based
SYN-01000,29.8,34.5,4.73,1.497,82.3,587.6,12.6,0.0,14.5,8.8,26,31.9,1,1.49,0,0,0,synthetic_physics_based
SYN-01001,24.1,27.2,3.16,0.107,70.4,404.3,1.3,21.0,19.3,9.4,12,23.1,0,0.34,0,0,0,synthetic_physics_based
SYN-01002,31.9,59.1,27.23,0.673,77.8,476.1,4.1,13.5,20.5,11.2,84,25.1,1,2.78,0,1,0,synthetic_physics_based
SYN-01003,39.2,55.2,16.04,1.303,45.0,819.1,16.7,11.9,3.2,1.0,49,21.8,1,4.37,0,0,0,synthetic_physics_based
SYN-01004,36.1,45.1,9.02,1.278,67.5,356.0,15.5,0.0,10.0,7.8,14,35.1,1,0.89,0,0,0,synthetic_physics_based
SYN-01005,37.7,57.7,19.96,1.698,64.3,832.7,7.3,0.0,7.9,1.8,46,35.7,1,4.64,0,0,0,synthetic_physics_based
SYN-01006,34.5,45.0,10.54,1.306,80.0,129.3,7.8,9.7,13.8,8.5,35,23.9,1,0.1,0,0,0,synthetic_physics_based
SYN-01007,35.2,53.9,18.71,0.331,84.4,749.1,10.9,0.0,15.0,7.1,29,34.5,0,1.66,0,0,0,synthetic_physics_based
SYN-01008,38.7,50.3,11.64,1.187,30.7,812.8,0.5,16.5,22.0,10.4,12,25.2,1,1.71,0,0,0,synthetic_physics_based
SYN-01009,25.5,31.7,6.21,1.7,70.4,213.6,5.2,23.0,12.7,6.6,82,20.0,0,6.97,0,2,0,synthetic_physics_based
SYN-01010,30.8,46.0,15.28,1.223,33.1,437.3,4.6,0.0,13.5,9.3,44,33.2,0,5.28,0,0,0,synthetic_physics_based
SYN-01011,24.9,46.8,21.97,1.357,62.9,198.9,5.4,22.7,10.9,5.0,66,29.9,1,1.94,0,2,0,synthetic_physics_based
SYN-01012,41.7,59.1,17.42,0.147,47.3,685.9,16.2,19.7,5.8,1.0,2,23.5,1,1.87,0,0,0,synthetic_physics_based
SYN-01013,40.8,59.4,18.66,2.658,48.4,531.8,6.0,3.8,8.8,3.4,59,23.1,0,1.65,0,1,0,synthetic_physics_based
SYN-01014,20.9,35.5,14.64,0.867,51.2,621.8,4.2,0.0,7.7,4.4,17,37.5,0,1.17,0,0,0,synthetic_physics_based
SYN-01015,35.5,39.3,3.76,0.984,67.3,226.8,10.3,6.4,18.2,7.6,10,35.3,1,1.72,0,0,0,synthetic_physics_based
SYN-01016,40.4,54.1,13.76,0.425,50.0,240.6,17.4,0.0,13.4,8.4,18,34.2,1,0.7,0,0,0,synthetic_physics_based
SYN-01017,24.0,28.1,4.12,1.307,74.0,87.3,5.2,25.1,8.6,2.4,22,20.6,0,0.1,0,0,0,synthetic_physics_based
SYN-01018,32.5,63.9,31.44,0.953,54.3,339.9,2.0,0.0,12.3,6.0,83,33.1,1,6.05,1,1,1,synthetic_physics_based
SYN-01019,40.1,60.5,20.32,1.166,34.1,553.8,7.4,20.8,7.2,5.2,58,22.3,1,5.19,0,2,0,synthetic_physics_based
SYN-01020,20.7,50.5,29.77,2.267,77.0,822.1,15.1,0.0,6.5,2.8,53,37.5,1,6.48,0,0,1,synthetic_physics_based
SYN-01021,35.3,41.7,6.34,1.055,47.1,650.2,11.2,12.9,19.3,8.6,1,19.0,1,0.48,0,0,0,synthetic_physics_based
SYN-01022,26.5,58.7,32.15,4.245,56.0,441.9,16.4,0.0,21.0,11.4,88,25.0,0,4.81,1,2,1,synthetic_physics_based
SYN-01023,40.3,73.8,33.47,3.087,71.1,907.8,19.2,0.0,4.5,1.7,61,26.6,1,2.71,1,2,1,synthetic_physics_based
SYN-01024,41.4,86.6,45.23,2.426,49.9,697.3,16.0,0.0,17.5,11.5,89,34.5,0,0.27,1,1,1,synthetic_physics_based
SYN-01025,40.8,58.8,18.07,0.843,33.4,887.1,12.3,0.0,11.6,7.6,31,33.3,0,0.47,0,0,0,synthetic_physics_based
SYN-01026,30.4,46.2,15.81,1.387,52.4,524.8,10.1,23.8,10.4,6.5,31,25.5,1,0.38,0,0,0,synthetic_physics_based
SYN-01027,39.0,56.1,17.13,4.425,86.7,283.0,1.3,0.0,16.1,8.9,66,29.3,0,1.38,0,2,1,synthetic_physics_based
SYN-01028,38.6,47.3,8.71,0.586,68.5,97.5,19.7,6.2,8.1,4.1,19,34.7,1,0.86,0,0,0,synthetic_physics_based
SYN-01029,27.0,47.3,20.24,0.981,70.3,703.5,8.0,0.0,3.4,1.5,53,18.4,0,1.32,0,0,0,synthetic_physics_based
SYN-01030,38.2,60.3,22.04,0.734,67.9,159.2,3.5,2.7,7.1,1.3,76,34.0,1,6.29,0,2,1,synthetic_physics_based
SYN-01031,20.8,47.4,26.56,1.431,41.9,322.5,13.5,0.0,6.5,3.6,74,36.9,1,2.21,0,2,1,synthetic_physics_based
SYN-01032,33.1,53.2,20.08,0.013,55.1,529.2,6.0,12.6,3.6,1.0,22,18.6,0,0.61,0,0,0,synthetic_physics_based
SYN-01033,25.1,36.9,11.83,1.066,75.1,558.0,11.9,9.3,9.1,4.9,23,18.9,0,1.22,0,0,0,synthetic_physics_based
SYN-01034,22.7,40.9,18.24,1.556,36.1,590.5,11.9,0.0,12.0,6.7,87,24.9,1,2.22,0,1,0,synthetic_physics_based
SYN-01035,21.7,25.1,3.43,0.313,46.7,199.6,9.2,0.0,17.0,8.6,15,19.8,1,1.23,0,0,0,synthetic_physics_based
SYN-01036,35.3,43.0,7.68,0.018,46.6,391.8,16.8,0.0,9.2,6.5,26,27.6,0,0.76,0,0,0,synthetic_physics_based
SYN-01037,27.5,34.2,6.68,1.345,55.9,605.5,5.7,0.0,6.7,2.1,3,32.6,1,0.69,0,0,0,synthetic_physics_based
SYN-01038,35.9,74.3,38.31,2.06,88.8,922.8,9.2,0.0,7.4,3.3,87,29.3,0,1.84,1,2,1,synthetic_physics_based
SYN-01039,21.4,39.7,18.28,0.092,34.1,704.9,11.0,27.4,19.9,10.5,20,21.9,1,1.35,0,0,0,synthetic_physics_based
SYN-01040,26.9,47.6,20.71,0.783,61.1,880.3,13.4,0.0,6.9,5.5,40,31.1,0,6.0,0,0,0,synthetic_physics_based
SYN-01041,31.9,51.4,19.54,0.229,40.8,736.0,15.8,0.0,19.7,10.9,39,31.7,0,2.43,0,0,0,synthetic_physics_based
SYN-01042,37.4,65.4,28.01,3.663,88.2,582.5,8.2,0.0,11.5,6.3,72,36.6,0,0.67,0,2,1,synthetic_physics_based
SYN-01043,27.0,39.7,12.68,0.998,36.8,222.8,13.1,30.0,20.8,12.7,18,20.9,0,0.08,0,0,0,synthetic_physics_based
SYN-01044,33.8,58.4,24.64,0.446,54.2,650.0,3.4,0.0,10.8,5.1,41,31.8,0,4.83,0,1,0,synthetic_physics_based
SYN-01045,39.5,72.6,33.12,2.833,74.3,611.0,18.7,11.7,6.4,4.8,70,36.2,0,6.5,1,1,1,synthetic_physics_based
SYN-01046,33.5,45.0,11.42,1.247,72.3,592.2,8.0,0.0,13.4,8.0,27,28.0,0,0.36,0,0,0,synthetic_physics_based
SYN-01047,25.1,29.1,4.01,1.011,55.4,490.8,14.7,0.0,14.2,9.6,15,25.2,0,0.17,0,0,0,synthetic_physics_based
SYN-01048,20.5,40.2,19.71,0.01,50.8,525.8,0.9,0.0,15.1,7.7,37,21.4,1,4.79,0,1,0,synthetic_physics_based
SYN-01049,39.1,69.1,30.0,2.675,53.9,351.0,4.5,0.0,10.8,5.5,58,35.3,1,6.14,0,1,1,synthetic_physics_based
SYN-01050,20.5,22.7,2.2,1.215,45.9,517.4,10.0,0.0,3.9,2.4,5,25.9,0,1.5,0,0,0,synthetic_physics_based
SYN-01051,39.2,73.6,34.38,2.971,42.3,227.8,17.6,9.2,14.9,8.1,73,36.5,1,0.94,1,2,1,synthetic_physics_based
SYN-01052,31.6,45.4,13.81,0.637,59.0,774.7,10.8,0.0,20.7,12.6,7,35.0,1,0.96,0,0,0,synthetic_physics_based
SYN-01053,40.7,53.3,12.67,0.876,46.1,217.2,18.6,0.0,21.2,11.3,41,25.5,1,2.49,0,0,0,synthetic_physics_based
SYN-01054,37.6,54.6,17.0,2.085,47.2,126.5,9.9,0.0,14.3,6.3,84,29.5,1,5.72,0,2,0,synthetic_physics_based
SYN-01055,42.0,43.4,1.41,0.96,69.4,442.6,10.1,0.0,3.4,3.9,10,18.5,1,1.57,0,0,0,synthetic_physics_based
SYN-01056,27.7,40.6,12.9,1.819,88.1,642.5,2.8,0.0,5.0,5.6,62,23.3,0,6.27,0,2,0,synthetic_physics_based
SYN-01057,36.9,54.9,17.99,0.268,66.2,443.9,16.2,0.0,18.8,8.0,26,32.2,1,1.76,0,0,0,synthetic_physics_based
SYN-01058,28.8,50.8,21.96,4.419,34.6,299.1,5.3,0.0,18.8,11.0,68,31.6,1,1.45,0,2,1,synthetic_physics_based
SYN-01059,30.6,46.0,15.49,0.282,34.5,552.4,18.0,0.0,21.0,12.7,24,25.1,0,1.16,0,0,0,synthetic_physics_based
SYN-01060,33.8,65.9,32.08,1.63,87.1,362.3,18.3,0.0,13.7,7.9,78,34.2,0,1.94,1,1,1,synthetic_physics_based
SYN-01061,39.2,60.5,21.29,1.004,47.8,889.6,18.9,22.7,19.4,13.0,41,22.7,1,2.7,0,1,0,synthetic_physics_based
SYN-01062,41.6,76.8,35.15,0.735,35.5,880.4,10.6,0.0,18.7,8.3,65,27.2,1,6.63,1,2,1,synthetic_physics_based
SYN-01063,36.9,45.3,8.45,0.239,65.9,502.1,13.7,0.0,14.2,7.0,17,27.5,0,0.87,0,0,0,synthetic_physics_based
SYN-01064,29.2,37.8,8.65,1.444,67.4,345.1,15.7,0.0,17.9,10.0,24,24.8,0,1.69,0,0,0,synthetic_physics_based
SYN-01065,29.3,45.1,15.85,0.479,68.9,713.4,3.1,0.0,5.4,4.3,27,37.1,1,0.51,0,0,0,synthetic_physics_based
SYN-01066,36.2,42.7,6.48,0.587,46.0,83.0,12.2,0.0,15.1,10.1,7,31.9,0,0.02,0,0,0,synthetic_physics_based
SYN-01067,25.3,54.4,29.19,2.014,30.9,477.3,1.2,0.0,21.1,9.8,73,28.8,1,3.79,0,2,1,synthetic_physics_based
SYN-01068,22.4,29.0,6.53,0.924,87.9,352.7,10.2,0.0,6.1,1.0,12,28.2,0,0.9,0,0,0,synthetic_physics_based
SYN-01069,27.8,50.8,23.04,2.107,45.1,878.5,3.5,16.7,17.1,10.6,85,21.2,0,2.04,0,2,0,synthetic_physics_based
SYN-01070,26.3,32.8,6.51,0.663,70.6,60.8,4.1,0.0,9.1,5.2,3,25.4,0,0.98,0,0,0,synthetic_physics_based
SYN-01071,26.5,52.0,25.47,2.111,72.4,547.5,7.6,0.0,18.5,10.4,79,31.5,0,5.31,0,2,1,synthetic_physics_based
SYN-01072,25.1,60.2,35.1,1.95,66.6,716.6,8.9,23.4,16.2,10.1,85,36.5,0,5.04,1,2,1,synthetic_physics_based
SYN-01073,20.9,27.1,6.2,0.875,48.8,486.5,12.7,0.0,20.6,10.1,10,34.3,1,0.89,0,0,0,synthetic_physics_based
SYN-01074,20.4,30.0,9.64,0.561,46.3,126.9,2.0,13.3,16.5,8.7,33,24.0,1,0.34,0,0,0,synthetic_physics_based
SYN-01075,41.7,63.3,21.58,1.843,65.9,925.2,10.3,24.8,10.8,6.7,46,26.7,0,5.66,0,0,0,synthetic_physics_based
SYN-01076,29.4,49.9,20.45,1.383,82.0,516.2,4.1,0.0,3.2,1.0,59,19.7,1,6.88,0,1,1,synthetic_physics_based
SYN-01077,28.5,44.3,15.81,0.467,86.8,602.8,11.7,9.1,18.1,9.1,52,20.0,1,6.25,0,0,0,synthetic_physics_based
SYN-01078,35.0,42.6,7.65,0.48,36.4,262.9,12.9,0.0,10.8,6.1,6,27.4,0,0.59,0,0,0,synthetic_physics_based
SYN-01079,24.8,29.2,4.43,1.182,39.3,485.1,11.4,0.0,15.7,9.4,2,28.6,0,1.64,0,0,0,synthetic_physics_based
SYN-01080,40.9,58.2,17.32,0.157,86.7,436.2,14.9,7.3,5.0,1.0,29,23.3,0,0.03,0,0,0,synthetic_physics_based
SYN-01081,37.3,47.3,9.96,1.125,74.2,117.4,7.0,0.0,19.9,12.0,40,30.9,1,4.4,0,1,0,synthetic_physics_based
SYN-01082,22.0,40.6,18.67,1.868,83.0,145.5,15.4,5.5,11.3,6.9,61,32.1,1,4.57,0,2,0,synthetic_physics_based
SYN-01083,29.2,50.5,21.29,3.573,42.2,803.7,8.9,0.0,20.5,10.0,68,24.0,0,2.02,0,2,1,synthetic_physics_based
SYN-01084,39.3,61.9,22.6,2.356,65.3,265.8,9.9,0.0,16.4,12.4,68,33.2,1,6.05,0,2,1,synthetic_physics_based
SYN-01085,40.8,45.0,4.21,1.48,72.1,225.5,13.1,0.0,5.3,1.5,29,22.1,0,0.65,0,0,0,synthetic_physics_based
SYN-01086,30.3,52.7,22.45,2.779,70.8,504.4,0.9,0.0,14.0,8.8,62,28.9,0,6.45,0,2,1,synthetic_physics_based
SYN-01087,33.5,58.1,24.61,1.311,54.5,741.9,13.3,0.0,20.3,11.6,60,34.1,1,3.41,0,1,0,synthetic_physics_based
SYN-01088,23.7,44.5,20.81,2.687,30.9,105.8,12.6,21.6,18.2,9.4,84,28.7,1,0.27,0,1,0,synthetic_physics_based
SYN-01089,41.8,64.8,22.99,1.263,65.0,569.1,6.5,0.0,10.9,6.2,41,36.2,0,1.3,0,0,0,synthetic_physics_based
SYN-01090,25.1,35.7,10.65,1.612,45.2,157.3,2.2,0.0,21.1,12.4,87,19.2,1,0.9,0,2,0,synthetic_physics_based
SYN-01091,40.7,61.9,21.12,1.173,57.0,82.8,2.3,0.0,8.1,8.7,82,29.8,0,0.5,0,1,0,synthetic_physics_based
SYN-01092,34.3,58.8,24.47,3.048,87.5,97.5,18.5,0.0,10.1,3.4,89,29.2,0,5.06,0,2,1,synthetic_physics_based
SYN-01093,33.4,64.2,30.87,0.871,53.9,800.7,13.9,0.0,17.2,5.4,65,31.2,1,1.51,1,2,1,synthetic_physics_based
SYN-01094,31.3,59.6,28.3,1.518,80.4,156.2,3.0,0.0,7.4,2.6,64,34.7,1,5.9,0,1,1,synthetic_physics_based
SYN-01095,25.1,44.6,19.48,1.691,41.3,90.6,7.5,8.1,12.8,7.0,79,32.5,1,2.0,0,2,0,synthetic_physics_based
SYN-01096,23.9,48.3,24.44,0.314,70.3,444.1,12.1,0.0,16.8,10.3,63,33.8,1,0.42,0,2,1,synthetic_physics_based
SYN-01097,24.9,54.0,29.12,0.496,88.6,809.6,16.8,20.1,15.2,8.5,48,23.8,1,5.78,0,1,0,synthetic_physics_based
SYN-01098,24.1,27.3,3.24,0.4,36.1,286.2,1.4,0.0,6.0,3.0,20,25.7,0,0.51,0,0,0,synthetic_physics_based
SYN-01099,37.2,44.0,6.84,0.804,30.5,429.5,5.1,1.1,15.0,10.5,37,30.5,0,4.28,0,1,0,synthetic_physics_based
SYN-01100,27.7,46.4,18.73,0.791,56.0,85.9,17.9,14.9,13.9,6.4,64,29.1,1,2.49,0,2,0,synthetic_physics_based
SYN-01101,21.3,58.8,37.55,0.947,35.6,454.2,0.7,28.7,13.6,10.0,86,37.2,1,0.51,1,2,1,synthetic_physics_based
SYN-01102,41.3,42.8,1.45,0.932,74.9,569.9,4.4,27.3,18.7,11.2,5,21.7,1,0.01,0,0,0,synthetic_physics_based
SYN-01103,39.4,54.0,14.59,0.719,84.9,563.8,19.2,0.0,6.5,5.8,34,25.0,0,0.97,0,0,0,synthetic_physics_based
SYN-01104,40.4,51.3,10.85,0.433,56.0,349.2,12.5,0.0,17.3,8.1,39,29.5,0,0.28,0,0,0,synthetic_physics_based
SYN-01105,41.9,67.8,25.91,4.117,45.5,334.0,5.6,0.0,17.5,9.1,67,35.4,1,4.11,0,1,1,synthetic_physics_based
SYN-01106,23.8,50.3,26.43,0.424,56.1,146.0,1.8,26.6,16.7,7.0,81,36.6,0,6.27,0,1,0,synthetic_physics_based
SYN-01107,28.7,52.5,23.79,1.749,73.4,380.1,1.0,0.0,12.6,7.4,62,24.7,0,1.68,0,2,1,synthetic_physics_based
SYN-01108,36.7,47.4,10.76,3.758,30.5,139.5,5.3,24.5,10.5,6.3,88,19.3,0,6.5,0,2,0,synthetic_physics_based
SYN-01109,35.3,53.7,18.42,1.096,65.4,739.9,17.7,26.5,10.5,8.8,24,26.4,0,1.69,0,0,0,synthetic_physics_based
SYN-01110,23.4,41.0,17.64,0.267,66.8,919.6,8.6,0.0,16.9,9.4,3,25.9,1,0.17,0,0,0,synthetic_physics_based
SYN-01111,37.9,74.7,36.71,4.267,68.3,923.1,14.5,0.0,12.5,4.6,71,37.7,1,5.91,1,1,1,synthetic_physics_based
SYN-01112,24.9,49.4,24.45,1.014,44.5,828.6,18.4,0.0,9.4,6.6,89,26.6,0,1.95,0,2,0,synthetic_physics_based
SYN-01113,24.9,49.1,24.22,4.382,72.8,590.7,8.5,0.0,14.9,6.8,67,24.1,0,6.71,0,2,1,synthetic_physics_based
SYN-01114,31.8,56.0,24.2,4.271,35.5,680.8,4.2,0.0,18.9,8.5,79,25.3,1,3.03,0,2,1,synthetic_physics_based
SYN-01115,33.0,41.5,8.49,1.869,42.0,306.7,10.6,27.0,4.2,3.3,50,25.9,0,1.16,0,0,0,synthetic_physics_based
SYN-01116,32.8,52.2,19.4,1.151,82.6,617.7,18.2,0.0,21.5,10.7,29,34.4,1,0.77,0,0,0,synthetic_physics_based
SYN-01117,22.0,44.2,22.22,0.451,74.3,460.1,16.2,0.0,4.8,1.8,74,19.6,1,6.98,0,2,1,synthetic_physics_based
SYN-01118,39.3,50.9,11.55,1.133,30.8,483.8,1.8,0.0,12.7,9.1,32,24.3,1,1.98,0,0,0,synthetic_physics_based
SYN-01119,25.8,67.3,41.48,1.418,44.9,732.0,14.0,0.0,13.6,8.3,87,37.3,1,2.09,1,1,1,synthetic_physics_based
SYN-01120,22.8,37.7,14.9,0.203,42.9,303.7,11.7,0.0,5.6,4.0,39,21.1,0,4.12,0,1,0,synthetic_physics_based
SYN-01121,39.6,47.2,7.66,0.547,46.2,336.2,18.2,0.0,20.4,9.2,9,32.9,1,0.14,0,0,0,synthetic_physics_based
SYN-01122,41.0,60.2,19.19,0.163,44.9,882.2,2.9,0.0,12.0,7.6,14,25.1,0,1.86,0,0,0,synthetic_physics_based
SYN-01123,39.0,61.0,21.99,3.101,33.8,100.6,10.9,0.0,5.7,2.7,68,29.6,0,3.76,0,1,1,synthetic_physics_based
SYN-01124,37.8,58.1,20.27,2.568,57.5,487.1,17.6,0.0,16.5,8.4,64,20.0,0,2.34,0,2,1,synthetic_physics_based
SYN-01125,34.4,43.0,8.56,1.29,74.0,871.5,8.5,0.0,15.6,9.2,20,24.1,0,0.6,0,0,0,synthetic_physics_based
SYN-01126,32.1,37.9,5.8,1.142,66.4,599.3,9.9,0.0,21.3,11.7,28,28.0,0,0.1,0,0,0,synthetic_physics_based
SYN-01127,21.9,37.3,15.41,0.324,70.4,541.8,1.9,0.0,11.4,4.1,14,22.6,0,1.99,0,0,0,synthetic_physics_based
SYN-01128,29.0,41.0,11.97,0.726,34.9,274.8,5.9,0.0,8.1,5.9,44,28.8,1,5.85,0,0,0,synthetic_physics_based
SYN-01129,28.2,46.0,17.8,2.82,87.1,358.9,6.8,6.8,4.1,3.8,77,22.4,1,2.36,0,1,0,synthetic_physics_based
SYN-01130,25.7,56.1,30.36,1.087,80.3,816.8,18.9,0.0,16.9,8.4,39,31.0,0,6.81,1,0,0,synthetic_physics_based
SYN-01131,35.9,50.0,14.07,0.602,78.3,553.3,6.0,16.9,14.7,9.0,28,36.1,1,1.87,0,0,0,synthetic_physics_based
SYN-01132,30.9,48.8,17.88,1.931,79.4,513.3,9.5,11.7,21.5,13.2,64,19.7,0,4.18,0,1,0,synthetic_physics_based
SYN-01133,21.8,40.3,18.53,2.221,86.0,139.6,13.6,0.0,16.5,6.3,89,22.3,1,5.57,0,1,0,synthetic_physics_based
SYN-01134,24.8,34.1,9.31,0.699,62.7,64.4,3.7,0.0,20.7,10.6,32,34.9,0,0.63,0,0,0,synthetic_physics_based
SYN-01135,35.0,57.1,22.12,1.462,42.0,917.3,10.0,0.0,21.8,8.7,9,30.6,1,0.92,0,0,0,synthetic_physics_based
SYN-01136,21.7,30.8,9.14,1.322,67.0,389.3,14.9,0.0,11.1,7.1,28,19.6,0,0.04,0,0,0,synthetic_physics_based
SYN-01137,38.7,54.8,16.1,0.272,74.6,592.9,17.4,0.0,5.9,3.9,17,27.7,1,1.2,0,0,0,synthetic_physics_based
SYN-01138,30.9,48.9,18.01,2.398,74.3,121.7,12.7,0.0,6.7,2.7,87,22.2,0,2.35,0,2,0,synthetic_physics_based
SYN-01139,30.6,58.8,28.22,3.069,61.3,664.8,13.5,0.0,9.0,4.8,77,22.0,0,4.68,0,1,1,synthetic_physics_based
SYN-01140,33.0,58.2,25.13,2.257,34.1,889.3,3.0,0.0,12.7,6.4,55,36.8,0,2.78,0,0,1,synthetic_physics_based
SYN-01141,38.1,40.8,2.68,1.081,52.3,568.1,18.9,18.9,5.3,1.0,10,33.2,0,0.49,0,0,0,synthetic_physics_based
SYN-01142,27.7,51.3,23.61,1.683,85.2,163.5,3.1,0.0,8.7,6.8,80,31.9,1,0.93,0,2,0,synthetic_physics_based
SYN-01143,34.9,41.7,6.79,1.02,65.1,573.5,15.6,0.0,8.8,5.2,6,22.8,1,1.41,0,0,0,synthetic_physics_based
SYN-01144,32.4,58.0,25.54,3.929,62.3,739.7,5.7,16.1,3.1,1.5,48,20.4,0,5.88,0,0,0,synthetic_physics_based
SYN-01145,25.9,53.9,27.98,1.681,46.1,415.8,18.7,0.0,9.7,5.1,75,35.4,1,3.53,0,2,1,synthetic_physics_based
SYN-01146,39.3,63.4,24.11,4.351,52.1,841.9,14.5,0.0,5.2,3.9,67,18.1,1,4.03,0,1,1,synthetic_physics_based
SYN-01147,37.5,55.0,17.43,1.179,83.7,633.8,15.2,0.0,11.2,3.8,41,25.8,1,2.73,0,1,0,synthetic_physics_based
SYN-01148,34.5,60.7,26.2,1.315,70.0,859.3,4.8,20.3,6.7,2.4,79,23.6,0,1.13,0,2,0,synthetic_physics_based
SYN-01149,38.7,63.0,24.33,2.247,77.2,611.2,9.1,0.0,18.6,10.6,60,29.4,1,3.26,0,1,0,synthetic_physics_based
SYN-01150,39.1,60.3,21.22,3.649,57.3,168.2,12.5,0.0,4.5,4.2,77,23.0,0,1.76,0,2,1,synthetic_physics_based
SYN-01151,35.6,47.9,12.27,1.149,67.8,328.7,15.5,3.3,19.4,7.1,42,24.2,1,5.9,0,1,0,synthetic_physics_based
SYN-01152,38.4,63.8,25.34,1.033,44.9,231.6,2.5,28.5,14.0,9.2,81,35.0,0,6.91,0,2,0,synthetic_physics_based
SYN-01153,35.3,69.7,34.4,1.294,72.3,867.9,19.3,0.0,11.7,5.4,71,30.1,1,6.25,1,2,1,synthetic_physics_based
SYN-01154,35.0,44.6,9.65,0.075,55.7,734.4,17.9,11.2,13.4,7.0,28,20.9,1,1.46,0,0,0,synthetic_physics_based
SYN-01155,33.6,52.2,18.62,0.4,56.6,658.8,5.8,12.8,10.1,5.6,13,32.5,0,0.36,0,0,0,synthetic_physics_based
SYN-01156,36.6,53.1,16.53,2.074,69.0,320.9,16.5,0.0,5.4,1.3,81,22.1,1,6.65,0,2,0,synthetic_physics_based
SYN-01157,23.5,33.9,10.46,0.855,86.2,215.6,10.6,0.0,17.6,7.8,15,26.7,1,1.84,0,0,0,synthetic_physics_based
SYN-01158,39.4,61.2,21.83,0.705,33.8,730.8,9.5,1.5,20.6,11.7,36,30.9,1,4.54,0,1,0,synthetic_physics_based
SYN-01159,39.2,41.3,2.07,1.036,79.5,476.7,6.6,0.0,21.1,14.4,15,23.4,1,0.1,0,0,0,synthetic_physics_based
SYN-01160,20.6,40.5,19.82,0.985,47.5,253.2,11.8,0.0,15.7,7.2,75,25.7,1,5.02,0,1,0,synthetic_physics_based
SYN-01161,38.2,68.0,29.79,1.974,56.6,605.0,14.7,0.0,10.8,4.5,56,32.7,1,4.55,0,2,1,synthetic_physics_based
SYN-01162,22.8,24.2,1.35,0.662,31.3,86.3,8.5,0.0,12.1,4.8,4,36.8,1,0.56,0,0,0,synthetic_physics_based
SYN-01163,27.4,44.1,16.75,2.512,48.1,343.6,12.8,0.0,15.5,8.2,52,28.6,0,5.14,0,0,0,synthetic_physics_based
SYN-01164,36.4,42.2,5.87,1.285,60.2,471.7,14.1,0.0,18.6,8.8,10,18.2,1,0.02,0,0,0,synthetic_physics_based
SYN-01165,23.5,40.3,16.8,0.613,33.4,183.2,14.4,0.0,10.1,4.1,45,24.8,1,2.94,0,0,0,synthetic_physics_based
SYN-01166,38.0,68.8,30.79,0.773,59.5,936.2,1.5,0.0,20.4,11.5,84,26.0,1,5.27,1,1,1,synthetic_physics_based
SYN-01167,38.3,55.1,16.81,0.954,85.6,238.2,17.3,0.0,9.2,2.9,29,24.8,0,2.0,0,0,0,synthetic_physics_based
SYN-01168,31.2,50.0,18.86,3.861,36.3,167.3,9.4,0.0,13.1,9.6,53,26.7,0,6.16,0,0,0,synthetic_physics_based
SYN-01169,20.1,36.4,16.29,0.441,75.9,233.2,5.6,3.9,21.3,9.9,29,30.7,1,0.31,0,0,0,synthetic_physics_based
SYN-01170,26.3,42.2,15.88,0.715,54.6,742.2,5.2,22.1,20.8,13.2,23,20.4,1,1.1,0,0,0,synthetic_physics_based
SYN-01171,33.6,49.4,15.84,1.805,69.3,433.0,9.9,0.0,16.2,11.9,57,23.5,0,5.66,0,2,0,synthetic_physics_based
SYN-01172,41.6,63.8,22.26,1.681,45.6,558.9,17.8,0.0,9.2,6.8,50,28.2,0,4.53,0,0,0,synthetic_physics_based
SYN-01173,33.9,45.4,11.48,0.527,39.6,68.9,7.9,3.7,7.2,5.5,21,24.3,0,1.89,0,0,0,synthetic_physics_based
SYN-01174,25.7,47.4,21.69,0.941,39.6,81.0,15.1,0.0,4.5,3.7,43,37.8,1,1.73,0,0,0,synthetic_physics_based
SYN-01175,33.9,35.8,1.88,0.27,34.2,451.2,2.4,17.8,16.5,9.4,10,26.6,0,0.59,0,0,0,synthetic_physics_based
SYN-01176,31.9,77.1,45.24,2.374,41.1,785.0,9.8,2.6,12.6,8.7,76,35.4,1,0.8,1,2,1,synthetic_physics_based
SYN-01177,37.2,60.4,23.2,1.387,69.9,846.7,19.8,16.3,13.9,7.2,30,35.9,1,1.39,0,0,0,synthetic_physics_based
SYN-01178,22.4,42.0,19.64,1.848,82.9,128.0,15.5,0.0,12.0,7.9,51,34.7,1,4.78,0,0,0,synthetic_physics_based
SYN-01179,36.7,46.7,9.98,0.466,78.8,534.5,4.6,0.0,12.2,8.4,33,18.9,0,1.61,0,0,0,synthetic_physics_based
SYN-01180,31.9,47.3,15.36,0.816,71.1,871.9,10.3,0.0,13.9,8.4,18,37.0,1,1.94,0,0,0,synthetic_physics_based
SYN-01181,41.2,54.9,13.69,1.736,36.6,399.2,5.1,15.1,20.4,10.8,78,20.6,1,5.18,0,1,0,synthetic_physics_based
SYN-01182,27.5,50.3,22.76,1.172,47.4,796.6,8.5,12.4,3.6,2.7,22,18.7,0,1.99,0,0,0,synthetic_physics_based
SYN-01183,33.9,47.6,13.71,1.542,48.6,170.3,15.7,0.0,18.2,9.5,64,26.3,1,6.47,0,2,0,synthetic_physics_based
SYN-01184,40.5,58.0,17.48,1.04,45.0,891.9,15.5,0.0,10.4,4.9,21,21.9,1,0.84,0,0,0,synthetic_physics_based
SYN-01185,22.3,32.7,10.44,0.756,60.9,726.3,4.9,0.0,17.2,10.6,1,21.7,1,1.56,0,0,0,synthetic_physics_based
SYN-01186,40.6,53.6,13.0,0.713,62.1,897.2,18.5,0.0,21.0,11.8,15,23.8,1,1.33,0,0,0,synthetic_physics_based
SYN-01187,35.1,51.5,16.38,1.037,51.4,659.0,12.1,0.0,8.8,6.0,36,23.0,0,4.56,0,0,0,synthetic_physics_based
SYN-01188,21.5,40.0,18.5,1.374,51.2,377.1,7.9,22.4,4.7,2.8,47,31.7,0,3.87,0,1,0,synthetic_physics_based
SYN-01189,26.6,55.3,28.73,0.536,79.7,894.4,10.3,0.0,7.4,4.8,54,21.7,0,1.28,0,1,0,synthetic_physics_based
SYN-01190,35.6,56.4,20.79,4.126,77.4,298.0,12.3,0.0,7.2,6.1,86,28.9,1,4.21,0,1,1,synthetic_physics_based
SYN-01191,21.5,34.5,13.06,0.548,48.5,349.0,11.4,0.0,17.1,9.2,32,37.7,1,0.62,0,0,0,synthetic_physics_based
SYN-01192,32.8,58.4,25.6,2.09,84.8,680.7,10.0,0.0,4.2,1.7,58,26.6,0,3.05,0,2,1,synthetic_physics_based
SYN-01193,27.6,51.1,23.46,3.775,87.2,738.8,10.3,0.0,4.0,2.8,46,30.8,0,4.75,0,1,1,synthetic_physics_based
SYN-01194,33.7,64.4,30.78,1.001,49.6,886.5,3.9,0.0,16.2,5.0,54,37.4,1,4.39,1,0,1,synthetic_physics_based
SYN-01195,21.0,26.4,5.42,0.042,51.3,234.3,16.3,24.2,13.6,8.5,33,20.8,1,1.3,0,0,0,synthetic_physics_based
SYN-01196,39.2,62.8,23.66,0.512,60.3,768.2,11.1,0.0,10.9,4.7,39,26.4,0,4.04,0,1,0,synthetic_physics_based
SYN-01197,41.4,64.9,23.53,1.121,86.5,714.7,3.1,0.0,13.9,10.2,23,35.0,1,1.63,0,0,0,synthetic_physics_based
SYN-01198,41.3,61.2,19.88,1.212,82.6,107.4,15.4,0.0,17.0,10.5,43,36.6,1,3.91,0,0,0,synthetic_physics_based
SYN-01199,36.5,55.5,19.04,4.101,36.2,398.5,18.7,15.6,5.0,4.1,55,30.0,0,5.63,0,0,0,synthetic_physics_based
SYN-01200,22.9,20.0,-2.86,0.809,53.6,304.5,19.0,0.0,13.5,8.8,2,20.9,0,1.95,0,0,0,synthetic_physics_based
SYN-01201,36.7,62.2,25.52,2.204,63.2,324.0,7.7,12.2,18.7,9.6,66,36.0,0,2.63,0,1,0,synthetic_physics_based
SYN-01202,20.5,42.4,21.84,0.632,60.2,934.7,3.1,0.0,9.9,5.0,38,21.5,0,0.96,0,0,0,synthetic_physics_based
SYN-01203,20.5,32.3,11.8,0.343,41.6,628.5,10.6,0.0,17.5,7.1,29,25.1,1,1.07,0,0,0,synthetic_physics_based
SYN-01204,27.1,48.8,21.69,3.194,81.5,695.9,2.7,0.0,19.1,12.7,67,25.5,0,2.0,0,1,1,synthetic_physics_based
SYN-01205,30.8,57.1,26.35,1.085,70.6,929.0,18.7,0.0,18.6,8.3,71,26.9,0,0.56,0,1,0,synthetic_physics_based
SYN-01206,36.9,54.2,17.21,1.367,80.3,389.5,4.1,0.0,15.4,8.4,36,33.8,1,3.23,0,0,0,synthetic_physics_based
SYN-01207,35.0,52.0,16.98,0.793,81.5,771.7,5.4,0.0,16.6,11.0,29,34.0,0,0.63,0,0,0,synthetic_physics_based
SYN-01208,29.8,47.2,17.44,1.306,74.9,441.1,8.4,0.0,18.0,12.2,37,32.4,1,5.7,0,0,0,synthetic_physics_based
SYN-01209,26.0,61.8,35.79,2.191,56.4,832.6,8.0,5.5,16.9,8.9,87,18.4,0,6.88,1,1,0,synthetic_physics_based
SYN-01210,41.9,55.3,13.41,1.211,66.6,212.6,16.0,0.0,11.6,3.8,45,29.3,1,1.49,0,0,0,synthetic_physics_based
SYN-01211,29.4,43.3,13.93,0.17,39.6,902.9,9.4,23.3,6.0,3.7,16,32.9,1,0.41,0,0,0,synthetic_physics_based
SYN-01212,29.9,34.8,4.91,1.15,70.4,246.9,3.8,15.1,8.9,5.4,31,26.9,0,1.34,0,0,0,synthetic_physics_based
SYN-01213,23.6,40.6,17.02,0.58,40.8,343.6,5.7,0.0,6.9,4.5,34,36.9,1,1.39,0,0,0,synthetic_physics_based
SYN-01214,37.5,71.1,33.66,2.805,71.6,730.6,10.4,21.1,9.9,5.0,50,34.5,0,1.79,1,0,0,synthetic_physics_based
SYN-01215,35.3,54.4,19.15,2.956,43.8,404.4,3.4,0.0,12.3,6.6,65,30.8,1,2.99,0,2,0,synthetic_physics_based
SYN-01216,24.9,38.6,13.74,3.432,37.1,597.4,12.4,3.6,21.2,10.6,82,19.2,1,2.98,0,2,0,synthetic_physics_based
SYN-01217,21.8,51.5,29.7,1.539,39.9,450.1,11.5,25.9,21.2,11.9,62,31.0,0,5.46,0,2,0,synthetic_physics_based
SYN-01218,35.0,69.1,34.16,0.882,30.1,718.1,14.4,28.2,17.6,10.9,43,36.2,1,1.84,1,0,0,synthetic_physics_based
SYN-01219,34.4,53.2,18.79,1.09,73.1,255.5,18.8,6.1,21.6,12.3,56,25.6,0,6.79,0,1,0,synthetic_physics_based
SYN-01220,26.0,33.6,7.61,0.383,73.9,102.6,18.3,0.0,22.0,12.0,15,34.8,1,0.23,0,0,0,synthetic_physics_based
SYN-01221,40.9,55.8,14.85,0.583,60.9,319.9,18.9,0.0,19.8,12.6,48,24.3,0,2.12,0,0,0,synthetic_physics_based
SYN-01222,23.3,45.4,22.05,3.437,39.7,476.9,5.3,0.0,4.5,2.9,49,29.4,1,2.13,0,0,1,synthetic_physics_based
SYN-01223,29.5,55.8,26.25,2.429,35.0,201.2,3.1,11.9,11.1,6.1,81,31.0,0,0.32,0,2,0,synthetic_physics_based
SYN-01224,40.8,59.1,18.33,0.505,31.1,369.3,6.4,0.0,13.1,7.3,44,31.6,1,4.91,0,1,0,synthetic_physics_based
SYN-01225,29.2,34.8,5.58,0.957,39.9,410.0,18.0,0.0,5.4,1.1,10,35.7,1,0.11,0,0,0,synthetic_physics_based
SYN-01226,34.0,40.5,6.43,1.242,83.5,101.7,19.5,1.9,18.4,8.5,20,22.7,1,1.08,0,0,0,synthetic_physics_based
SYN-01227,28.7,50.8,22.01,3.816,44.5,575.0,17.3,0.0,5.8,3.0,70,23.2,0,4.18,0,1,1,synthetic_physics_based
SYN-01228,26.0,38.3,12.25,0.009,51.3,845.9,2.6,0.0,10.3,4.5,8,32.1,1,1.79,0,0,0,synthetic_physics_based
SYN-01229,41.6,53.6,11.98,1.22,36.3,186.6,19.0,3.6,4.3,2.3,45,21.5,0,2.76,0,0,0,synthetic_physics_based
SYN-01230,29.0,43.9,14.94,0.526,43.3,588.0,8.8,8.9,13.0,8.4,34,27.3,0,1.52,0,0,0,synthetic_physics_based
SYN-01231,39.7,57.9,18.19,0.612,61.2,648.3,0.7,0.0,14.3,8.9,51,18.4,0,2.66,0,0,0,synthetic_physics_based
SYN-01232,25.1,34.3,9.26,0.557,66.5,427.4,9.1,1.0,17.0,9.9,4,20.8,0,1.04,0,0,0,synthetic_physics_based
SYN-01233,24.7,47.9,23.23,0.909,44.7,681.0,1.4,0.0,9.4,6.5,39,31.6,1,3.54,0,0,0,synthetic_physics_based
SYN-01234,20.7,48.1,27.44,1.347,33.5,419.7,11.1,0.0,14.2,9.4,84,32.9,0,1.33,0,1,0,synthetic_physics_based
SYN-01235,34.3,48.1,13.75,0.607,53.5,504.2,7.1,0.0,16.9,10.8,24,20.3,1,0.77,0,0,0,synthetic_physics_based
SYN-01236,28.1,48.0,19.88,0.829,44.1,56.6,9.7,0.0,17.5,11.1,88,22.6,0,6.6,0,2,0,synthetic_physics_based
SYN-01237,39.0,62.5,23.51,3.905,43.2,672.5,12.5,0.0,8.7,3.0,55,20.0,0,0.39,0,0,1,synthetic_physics_based
SYN-01238,30.4,47.5,17.08,0.714,87.6,645.2,17.4,0.0,4.3,1.0,26,26.7,1,1.13,0,0,0,synthetic_physics_based
SYN-01239,41.3,49.3,7.96,0.021,67.0,84.6,13.4,0.0,3.7,1.0,25,20.5,0,0.75,0,0,0,synthetic_physics_based
SYN-01240,24.1,36.3,12.22,0.019,63.4,381.4,9.0,23.6,17.6,9.0,36,26.7,0,1.1,0,0,0,synthetic_physics_based
SYN-01241,39.1,83.1,43.98,0.304,54.9,931.1,16.5,0.0,10.3,7.1,71,32.6,0,2.04,1,1,0,synthetic_physics_based
SYN-01242,37.1,62.8,25.7,2.286,55.7,428.7,18.2,0.0,5.5,2.9,74,31.7,1,3.29,0,2,1,synthetic_physics_based
SYN-01243,37.0,60.6,23.62,4.056,62.5,501.8,2.8,0.0,6.5,2.9,58,23.6,1,6.61,0,2,1,synthetic_physics_based
SYN-01244,38.6,53.5,14.87,0.466,71.8,868.9,10.9,0.0,17.6,9.9,12,31.5,0,0.98,0,0,0,synthetic_physics_based
SYN-01245,36.7,49.5,12.78,0.707,72.1,695.5,6.0,0.0,14.4,8.7,1,36.6,0,0.02,0,0,0,synthetic_physics_based
SYN-01246,33.8,54.4,20.62,3.074,40.3,573.9,1.4,0.0,12.5,8.1,50,25.0,1,5.09,0,1,1,synthetic_physics_based
SYN-01247,22.9,42.2,19.27,1.484,60.0,768.0,13.5,0.0,14.8,7.5,25,24.6,1,0.57,0,0,0,synthetic_physics_based
SYN-01248,20.7,49.7,28.96,1.089,54.7,827.9,17.3,0.0,5.6,1.7,80,29.4,0,5.12,0,1,1,synthetic_physics_based
SYN-01249,40.3,50.0,9.78,0.624,82.2,461.2,3.7,0.0,9.1,3.8,5,22.9,1,1.79,0,0,0,synthetic_physics_based
SYN-01250,33.6,60.3,26.7,1.286,67.9,477.6,16.3,6.3,10.1,5.7,83,31.0,0,0.87,0,2,0,synthetic_physics_based
SYN-01251,37.5,66.4,28.84,3.888,62.0,397.4,17.1,0.0,9.0,3.4,68,34.6,0,2.48,0,1,1,synthetic_physics_based
SYN-01252,30.6,42.9,12.35,0.077,36.9,920.0,18.3,17.0,19.4,12.1,6,27.2,0,1.41,0,0,0,synthetic_physics_based
SYN-01253,22.6,41.2,18.64,0.452,66.3,677.4,5.7,0.0,14.0,6.2,26,31.6,1,1.29,0,0,0,synthetic_physics_based
SYN-01254,22.8,38.6,15.83,4.261,37.0,124.9,18.1,0.0,16.9,6.9,55,31.0,0,4.15,0,0,0,synthetic_physics_based
SYN-01255,35.1,61.5,26.47,0.927,50.2,826.7,6.8,0.0,7.5,4.4,39,18.8,1,3.51,0,0,0,synthetic_physics_based
SYN-01256,29.5,43.2,13.69,0.105,38.6,482.5,11.3,0.0,8.0,4.0,9,21.7,1,1.75,0,0,0,synthetic_physics_based
SYN-01257,24.4,44.9,20.47,0.996,71.5,111.9,1.5,1.9,7.3,4.7,45,35.9,0,6.84,0,0,1,synthetic_physics_based
SYN-01258,30.8,40.5,9.73,0.792,42.4,544.7,1.4,0.0,16.1,8.1,14,36.8,1,1.34,0,0,0,synthetic_physics_based
SYN-01259,21.4,41.7,20.32,2.926,53.5,425.4,14.5,23.6,9.6,5.9,55,33.6,0,5.59,0,0,1,synthetic_physics_based
SYN-01260,32.8,48.7,15.93,0.333,83.7,840.0,9.2,0.0,10.7,7.4,9,36.4,0,0.86,0,0,0,synthetic_physics_based
SYN-01261,25.9,37.1,11.23,0.293,42.3,233.6,5.5,11.9,16.5,8.1,15,24.1,0,1.27,0,0,0,synthetic_physics_based
SYN-01262,37.5,58.5,20.99,1.19,60.5,793.8,4.2,0.0,21.5,12.6,37,23.0,0,0.87,0,1,0,synthetic_physics_based
SYN-01263,26.8,43.1,16.23,3.599,55.2,551.9,13.6,0.0,6.1,6.0,50,25.7,0,0.21,0,0,0,synthetic_physics_based
SYN-01264,30.0,41.9,11.88,1.246,31.1,99.1,0.5,0.0,4.2,3.5,84,19.1,0,0.21,0,2,1,synthetic_physics_based
SYN-01265,20.3,59.8,39.53,1.212,77.6,924.7,16.2,2.5,6.7,2.5,72,34.2,0,6.57,1,2,1,synthetic_physics_based
SYN-01266,21.6,37.8,16.19,0.156,34.1,511.4,2.0,0.0,17.0,9.8,21,37.7,0,0.04,0,0,0,synthetic_physics_based
SYN-01267,28.6,49.9,21.22,2.131,58.5,311.8,4.2,0.0,6.7,1.7,57,34.5,1,4.74,0,1,1,synthetic_physics_based
SYN-01268,30.6,42.4,11.87,0.39,63.6,472.5,8.0,0.0,14.1,6.0,19,29.1,0,0.46,0,0,0,synthetic_physics_based
SYN-01269,33.2,61.1,27.91,1.8,67.7,822.1,10.0,0.0,14.2,10.1,58,23.9,0,3.69,0,2,1,synthetic_physics_based
SYN-01270,26.4,28.4,1.98,0.731,71.3,324.4,7.4,0.0,8.6,5.3,6,22.0,1,1.23,0,0,0,synthetic_physics_based
SYN-01271,35.3,39.9,4.56,0.167,45.2,223.4,6.8,16.8,4.3,4.7,4,25.3,1,0.13,0,0,0,synthetic_physics_based
SYN-01272,38.9,53.0,14.1,0.434,30.6,166.2,19.3,0.0,10.6,6.5,43,31.3,1,2.09,0,0,0,synthetic_physics_based
SYN-01273,37.2,46.5,9.3,1.308,73.4,318.1,13.0,0.0,6.5,2.8,42,26.9,0,5.23,0,1,0,synthetic_physics_based
SYN-01274,20.9,32.8,11.95,1.271,62.1,752.0,1.0,0.0,6.5,3.6,3,36.7,1,1.59,0,0,0,synthetic_physics_based
SYN-01275,30.6,47.5,16.92,1.351,80.2,474.5,8.9,0.0,12.9,7.5,1,35.1,0,0.06,0,0,0,synthetic_physics_based
SYN-01276,22.3,32.0,9.71,1.683,79.3,254.7,17.6,29.0,15.8,12.0,55,20.0,1,4.63,0,0,0,synthetic_physics_based
SYN-01277,25.3,31.5,6.19,0.962,80.6,199.6,6.4,0.0,4.4,3.5,15,20.6,1,0.77,0,0,0,synthetic_physics_based
SYN-01278,41.7,51.0,9.34,2.83,59.1,349.5,2.3,0.0,14.0,6.6,47,31.5,1,0.86,0,1,0,synthetic_physics_based
SYN-01279,23.1,52.5,29.33,2.769,50.0,895.9,15.3,13.1,7.7,3.9,85,22.6,0,3.05,0,1,0,synthetic_physics_based
SYN-01280,31.0,45.1,14.1,0.794,77.5,358.7,12.3,0.0,15.8,9.4,46,33.8,1,3.77,0,1,0,synthetic_physics_based
SYN-01281,33.6,61.2,27.59,2.821,57.1,939.3,11.6,0.0,18.4,8.5,58,29.8,1,2.2,0,1,1,synthetic_physics_based
SYN-01282,35.5,58.0,22.52,2.021,41.0,486.7,1.5,16.2,18.3,10.1,71,22.6,1,6.19,0,1,0,synthetic_physics_based
SYN-01283,32.3,49.4,17.12,4.093,81.3,211.2,3.2,23.5,10.0,5.2,81,27.6,1,5.9,0,2,0,synthetic_physics_based
SYN-01284,20.2,52.4,32.17,4.13,83.0,852.0,12.6,0.0,13.8,8.3,83,26.1,1,3.56,1,1,1,synthetic_physics_based
SYN-01285,27.2,42.7,15.54,1.377,58.0,464.3,4.6,24.1,18.1,9.8,39,35.5,1,2.51,0,1,0,synthetic_physics_based
SYN-01286,31.4,37.4,5.99,0.518,34.5,688.7,10.3,0.0,4.2,1.0,3,18.6,1,1.48,0,0,0,synthetic_physics_based
SYN-01287,21.9,49.5,27.52,0.64,53.3,935.3,11.1,0.0,14.5,7.9,30,35.9,1,1.9,0,0,0,synthetic_physics_based
SYN-01288,27.7,34.3,6.55,0.547,78.2,95.2,6.0,0.0,18.9,11.5,35,31.0,0,1.4,0,0,0,synthetic_physics_based
SYN-01289,20.7,36.5,15.75,3.832,84.1,137.0,19.0,0.0,10.1,7.7,57,32.8,1,0.51,0,2,0,synthetic_physics_based
SYN-01290,21.7,34.8,13.03,0.389,42.2,698.4,16.9,0.0,11.7,7.9,29,18.1,0,0.97,0,0,0,synthetic_physics_based
SYN-01291,28.7,46.9,18.17,2.196,34.0,303.6,14.6,0.0,16.3,6.6,50,30.6,1,3.52,0,0,0,synthetic_physics_based
SYN-01292,22.9,41.6,18.65,3.861,82.6,215.9,2.0,0.0,4.3,1.0,62,29.8,0,1.94,0,2,1,synthetic_physics_based
SYN-01293,32.5,45.4,12.93,2.91,53.4,85.4,2.6,8.1,10.3,4.1,52,28.7,1,4.89,0,0,0,synthetic_physics_based
SYN-01294,35.2,37.3,2.13,0.512,62.5,69.7,10.1,0.0,8.6,7.0,14,33.7,1,1.79,0,0,0,synthetic_physics_based
SYN-01295,37.6,56.7,19.08,1.147,88.1,747.0,3.6,0.0,3.3,2.6,35,29.1,0,1.95,0,0,0,synthetic_physics_based
SYN-01296,24.4,36.3,11.93,0.957,34.0,171.0,19.6,0.0,6.7,7.7,28,35.1,1,1.64,0,0,0,synthetic_physics_based
SYN-01297,23.7,42.3,18.66,3.285,68.9,470.9,3.6,0.0,10.5,7.7,58,22.7,1,5.98,0,2,1,synthetic_physics_based
SYN-01298,22.3,44.6,22.27,0.637,34.4,595.3,10.0,0.0,6.8,3.9,30,34.1,0,0.7,0,0,0,synthetic_physics_based
SYN-01299,34.0,45.2,11.17,1.488,52.5,435.5,7.6,0.0,14.4,7.3,7,21.6,0,1.79,0,0,0,synthetic_physics_based
SYN-01300,35.5,52.1,16.54,1.111,78.2,74.4,13.0,23.2,11.5,6.9,39,34.3,1,3.61,0,1,0,synthetic_physics_based
SYN-01301,20.7,58.8,38.13,0.733,56.0,755.2,3.0,0.0,3.8,3.3,69,36.8,0,1.26,1,1,1,synthetic_physics_based
SYN-01302,40.6,49.4,8.77,0.039,89.8,59.5,8.9,22.2,8.2,6.3,35,24.7,1,1.24,0,0,0,synthetic_physics_based
SYN-01303,21.1,48.3,27.21,2.407,63.5,735.7,5.9,0.0,3.4,1.4,52,28.6,1,6.98,0,0,0,synthetic_physics_based
SYN-01304,31.9,50.3,18.4,0.793,49.3,854.0,17.8,24.7,9.8,8.7,14,31.2,1,1.84,0,0,0,synthetic_physics_based
SYN-01305,35.6,58.0,22.35,1.338,43.2,439.6,1.3,0.0,7.9,4.3,63,19.6,1,4.95,0,1,1,synthetic_physics_based
SYN-01306,39.2,48.8,9.6,0.468,51.0,532.0,18.3,0.0,16.1,10.6,36,27.9,1,1.82,0,0,0,synthetic_physics_based
SYN-01307,35.7,47.0,11.26,1.433,52.4,479.3,16.7,0.0,8.8,5.4,24,25.2,1,0.16,0,0,0,synthetic_physics_based
SYN-01308,37.6,57.2,19.57,0.639,34.1,400.3,6.3,0.0,10.1,5.0,40,35.4,1,2.31,0,0,0,synthetic_physics_based
SYN-01309,27.5,51.6,24.12,0.28,52.2,848.7,15.9,14.4,16.8,6.3,29,35.5,1,1.52,0,0,0,synthetic_physics_based
SYN-01310,37.9,65.2,27.31,0.498,57.9,854.5,1.1,22.5,12.1,4.8,53,32.0,0,4.24,0,1,0,synthetic_physics_based
SYN-01311,21.8,26.3,4.52,0.051,73.4,352.2,19.4,0.0,13.6,9.2,22,31.1,0,0.71,0,0,0,synthetic_physics_based
SYN-01312,39.7,67.8,28.08,0.481,69.4,603.6,10.8,1.0,19.0,11.6,72,32.7,1,4.14,0,1,0,synthetic_physics_based
SYN-01313,32.0,52.4,20.34,0.891,72.5,884.2,6.4,0.0,6.9,4.7,15,25.3,1,0.97,0,0,0,synthetic_physics_based
SYN-01314,38.0,65.9,27.94,3.783,30.5,915.9,7.6,0.0,21.8,14.3,69,26.1,0,2.32,0,1,1,synthetic_physics_based
SYN-01315,30.0,53.6,23.63,4.052,43.1,508.1,1.8,0.0,20.1,9.6,64,29.1,0,3.15,0,2,1,synthetic_physics_based
SYN-01316,34.2,50.3,16.09,0.204,69.7,457.5,19.8,0.0,8.4,3.9,4,36.8,1,0.31,0,0,0,synthetic_physics_based
SYN-01317,31.6,55.5,23.95,0.823,59.0,300.8,1.3,20.7,20.0,10.4,75,32.5,0,4.76,0,2,0,synthetic_physics_based
SYN-01318,36.1,54.2,18.06,1.433,30.3,913.0,13.3,0.0,17.3,7.5,18,29.0,0,0.73,0,0,0,synthetic_physics_based
SYN-01319,21.8,36.9,15.08,0.002,78.3,178.5,9.1,23.9,20.7,10.2,42,33.4,0,4.97,0,0,0,synthetic_physics_based
SYN-01320,21.3,37.6,16.22,1.264,76.4,571.8,19.0,0.0,16.1,7.3,30,25.4,1,1.06,0,0,0,synthetic_physics_based
SYN-01321,25.4,34.8,9.35,0.759,62.9,304.3,5.3,0.0,15.8,6.3,15,32.6,1,1.6,0,0,0,synthetic_physics_based
SYN-01322,23.5,44.9,21.35,0.908,34.0,301.1,10.9,10.7,3.1,1.0,70,26.2,0,0.77,0,1,0,synthetic_physics_based
SYN-01323,39.2,51.6,12.41,3.405,76.0,414.5,9.9,0.0,12.0,6.5,55,23.6,0,3.39,0,0,0,synthetic_physics_based
SYN-01324,24.8,52.4,27.6,3.676,65.0,948.9,14.2,0.0,6.8,6.4,53,30.2,1,3.16,0,0,0,synthetic_physics_based
SYN-01325,41.5,42.3,0.81,1.426,76.9,99.5,1.8,7.0,9.2,3.5,16,31.7,1,0.11,0,0,0,synthetic_physics_based
SYN-01326,27.4,52.9,25.48,1.961,75.1,570.7,4.3,0.0,21.6,13.5,73,27.2,1,3.54,0,2,1,synthetic_physics_based
SYN-01327,24.0,36.5,12.54,0.269,78.2,124.3,4.7,0.0,4.6,2.9,34,29.3,0,1.41,0,0,0,synthetic_physics_based
SYN-01328,37.4,46.9,9.48,0.363,61.1,189.1,14.9,6.3,16.7,9.9,27,31.9,0,1.06,0,0,0,synthetic_physics_based
SYN-01329,34.5,41.3,6.8,0.828,38.4,445.6,4.2,0.0,6.3,3.7,13,33.4,1,0.65,0,0,0,synthetic_physics_based
SYN-01330,31.0,45.2,14.26,1.395,70.3,509.4,11.7,4.8,3.1,1.0,27,35.9,0,0.38,0,0,0,synthetic_physics_based
SYN-01331,32.2,58.9,26.67,4.424,67.2,282.9,4.7,28.5,12.5,5.3,73,25.1,1,2.57,0,2,0,synthetic_physics_based
SYN-01332,35.8,67.8,32.0,0.687,74.5,334.8,17.3,6.8,6.1,4.2,69,37.0,0,1.39,1,2,1,synthetic_physics_based
SYN-01333,25.0,46.5,21.5,1.389,40.2,128.3,18.9,0.0,21.3,11.8,86,30.7,0,0.66,0,2,0,synthetic_physics_based
SYN-01334,41.9,53.4,11.48,0.586,41.7,322.9,10.6,29.6,6.9,1.3,31,33.8,0,0.87,0,0,0,synthetic_physics_based
SYN-01335,41.4,56.3,14.88,0.07,83.4,919.9,7.4,0.0,6.6,3.3,3,32.0,1,1.08,0,0,0,synthetic_physics_based
SYN-01336,34.3,58.9,24.6,0.766,75.0,900.2,5.1,10.5,3.6,2.9,30,22.1,0,0.22,0,0,0,synthetic_physics_based
SYN-01337,24.4,26.3,1.88,0.189,84.5,351.4,1.5,0.0,9.3,3.2,21,19.4,0,1.39,0,0,0,synthetic_physics_based
SYN-01338,35.0,43.2,8.28,1.263,75.5,563.8,5.7,0.0,3.5,1.3,6,32.5,0,1.47,0,0,0,synthetic_physics_based
SYN-01339,21.6,44.3,22.75,0.823,65.8,868.6,13.3,14.2,12.5,9.1,32,28.2,0,0.02,0,0,0,synthetic_physics_based
SYN-01340,20.7,33.8,13.08,1.267,69.2,55.6,10.9,0.0,12.6,7.8,42,32.0,0,4.17,0,1,0,synthetic_physics_based
SYN-01341,25.7,50.2,24.58,2.93,83.3,779.6,18.9,12.3,4.0,4.6,62,27.5,0,1.17,0,2,0,synthetic_physics_based
SYN-01342,30.2,61.1,30.92,1.926,64.7,903.5,8.2,0.0,7.6,3.6,89,24.2,0,5.87,1,2,1,synthetic_physics_based
SYN-01343,39.1,48.7,9.62,0.151,67.9,132.2,14.0,0.0,18.8,12.0,32,23.7,1,1.19,0,0,0,synthetic_physics_based
SYN-01344,36.0,60.4,24.4,4.165,39.4,195.3,10.0,0.0,11.8,4.9,86,32.6,1,0.42,0,1,1,synthetic_physics_based
SYN-01345,36.3,63.5,27.15,2.001,58.4,914.7,10.5,28.2,11.3,7.4,88,23.5,0,2.06,0,2,0,synthetic_physics_based
SYN-01346,29.4,47.4,18.0,1.166,73.0,533.8,5.7,0.0,16.3,7.9,39,32.3,0,6.33,0,1,0,synthetic_physics_based
SYN-01347,27.6,42.8,15.2,4.019,46.3,62.8,9.4,3.1,16.6,9.8,64,25.7,1,1.08,0,1,0,synthetic_physics_based
SYN-01348,28.2,32.3,4.16,0.269,42.1,281.9,9.7,0.0,17.5,10.4,30,33.4,0,0.34,0,0,0,synthetic_physics_based
SYN-01349,41.7,61.2,19.51,3.747,48.8,454.9,14.3,0.0,18.8,11.4,63,20.9,0,2.35,0,2,0,synthetic_physics_based
SYN-01350,20.9,41.0,20.14,0.32,44.5,673.6,18.8,0.0,7.4,2.6,31,22.1,1,1.55,0,0,0,synthetic_physics_based
SYN-01351,39.1,71.4,32.37,1.031,42.9,709.8,6.9,0.0,4.3,2.8,87,31.7,1,3.07,1,1,1,synthetic_physics_based
SYN-01352,32.7,55.9,23.14,0.544,55.5,945.9,1.3,0.0,10.2,5.7,40,29.2,1,4.36,0,1,0,synthetic_physics_based
SYN-01353,29.6,37.5,7.89,1.37,84.5,308.8,10.2,0.0,19.2,12.5,33,22.1,0,1.98,0,0,0,synthetic_physics_based
SYN-01354,36.0,62.4,26.43,1.456,60.4,534.4,11.1,0.0,4.5,1.5,63,36.1,1,3.95,0,2,1,synthetic_physics_based
SYN-01355,30.7,41.7,10.95,1.381,41.3,530.0,3.8,0.0,13.9,5.7,25,23.5,0,1.88,0,0,0,synthetic_physics_based
SYN-01356,39.2,59.3,20.13,0.502,34.6,415.1,15.3,0.0,16.3,6.5,36,26.4,1,2.74,0,0,0,synthetic_physics_based
SYN-01357,39.8,47.8,8.02,0.34,71.8,202.2,19.7,19.5,12.1,6.3,24,22.0,0,0.47,0,0,0,synthetic_physics_based
SYN-01358,29.3,47.6,18.32,0.74,53.0,929.7,18.9,0.0,7.8,3.7,58,25.8,0,4.9,0,2,0,synthetic_physics_based
SYN-01359,26.1,50.2,24.08,0.923,79.3,818.0,4.3,23.7,9.2,4.6,39,27.8,1,6.88,0,0,0,synthetic_physics_based
SYN-01360,33.0,56.8,23.75,2.705,69.6,498.5,17.6,0.0,4.4,2.0,46,23.9,1,5.56,0,0,1,synthetic_physics_based
SYN-01361,40.1,72.5,32.44,1.484,77.8,592.9,14.2,0.0,8.6,6.8,77,33.4,1,3.27,1,1,1,synthetic_physics_based
SYN-01362,24.6,35.5,10.9,0.327,46.3,254.5,9.4,17.0,3.8,1.9,10,25.9,1,1.84,0,0,0,synthetic_physics_based
SYN-01363,33.7,68.1,34.44,1.71,71.5,539.4,11.0,22.3,16.8,10.9,87,32.6,1,5.48,1,2,0,synthetic_physics_based
SYN-01364,33.9,63.4,29.49,1.183,45.8,675.5,17.1,0.0,20.1,11.6,82,22.1,1,2.03,0,2,0,synthetic_physics_based
SYN-01365,36.1,54.7,18.57,0.555,86.3,513.7,9.9,16.2,15.0,6.9,32,25.5,1,0.57,0,0,0,synthetic_physics_based
SYN-01366,22.9,46.9,24.03,0.12,68.2,941.3,7.8,0.0,15.5,8.5,36,18.2,1,2.96,0,0,0,synthetic_physics_based
SYN-01367,35.7,54.1,18.35,0.207,49.5,600.2,10.1,7.9,12.0,8.9,28,33.2,0,0.61,0,0,0,synthetic_physics_based
SYN-01368,40.0,43.2,3.2,0.559,46.2,383.9,11.8,28.7,6.0,4.8,16,30.5,0,0.5,0,0,0,synthetic_physics_based
SYN-01369,24.0,35.9,11.91,1.387,41.5,744.9,4.2,18.1,3.1,3.5,16,34.4,1,1.5,0,0,0,synthetic_physics_based
SYN-01370,25.2,28.1,2.92,0.569,71.7,203.4,18.1,0.0,9.5,6.0,18,27.1,1,0.07,0,0,0,synthetic_physics_based
SYN-01371,41.4,39.7,-1.62,0.091,43.1,396.1,13.6,0.0,17.3,8.8,8,34.0,0,1.46,0,0,0,synthetic_physics_based
SYN-01372,24.0,48.2,24.25,3.25,65.7,362.3,12.8,0.0,21.2,14.1,80,31.0,0,2.93,0,2,1,synthetic_physics_based
SYN-01373,38.8,62.5,23.68,0.868,45.9,438.6,2.4,0.0,11.2,7.0,75,18.1,1,2.0,0,2,1,synthetic_physics_based
SYN-01374,30.8,50.2,19.38,2.811,69.7,753.6,12.3,20.5,9.9,6.9,70,23.1,1,4.09,0,1,0,synthetic_physics_based
SYN-01375,25.4,36.2,10.81,0.418,78.9,485.8,2.9,0.0,11.5,6.5,1,27.9,1,0.57,0,0,0,synthetic_physics_based
SYN-01376,39.2,68.8,29.61,2.801,76.7,764.6,2.0,0.0,11.1,4.6,62,30.4,0,5.51,0,2,1,synthetic_physics_based
SYN-01377,29.8,51.7,21.92,2.448,75.7,568.8,10.8,14.5,14.9,8.8,76,19.3,1,6.51,0,1,0,synthetic_physics_based
SYN-01378,31.3,51.7,20.37,0.258,41.3,357.9,8.4,0.0,16.9,11.9,38,32.1,0,2.44,0,0,0,synthetic_physics_based
SYN-01379,27.9,50.7,22.77,0.243,35.3,779.0,12.0,20.0,17.9,11.1,45,28.9,0,1.6,0,0,0,synthetic_physics_based
SYN-01380,33.0,56.8,23.8,1.062,71.9,264.5,2.2,0.0,15.3,9.3,58,28.5,0,2.94,0,1,0,synthetic_physics_based
SYN-01381,23.6,42.6,18.99,3.204,52.1,251.9,8.9,5.3,11.3,4.9,81,23.8,1,3.18,0,1,0,synthetic_physics_based
SYN-01382,28.6,38.2,9.58,1.443,55.9,504.1,3.9,4.0,21.1,13.9,1,29.9,1,1.28,0,0,0,synthetic_physics_based
SYN-01383,41.3,50.1,8.79,0.633,31.9,284.8,19.7,0.0,16.5,11.1,32,18.5,1,0.24,0,0,0,synthetic_physics_based
SYN-01384,25.7,24.2,-1.51,1.147,45.6,58.2,11.4,7.7,11.1,3.4,8,19.3,0,0.46,0,0,0,synthetic_physics_based
SYN-01385,34.4,49.8,15.32,0.175,32.0,633.5,13.9,24.4,11.5,7.7,40,32.7,1,6.48,0,0,0,synthetic_physics_based
SYN-01386,27.2,48.7,21.56,2.619,82.8,510.0,6.8,29.8,18.5,9.8,56,24.4,1,6.05,0,2,1,synthetic_physics_based
SYN-01387,37.0,62.4,25.37,1.427,44.6,451.0,2.3,0.0,11.4,6.7,63,24.9,1,6.95,0,1,1,synthetic_physics_based
SYN-01388,22.9,54.4,31.48,0.857,63.4,920.3,19.5,3.9,12.8,5.8,88,22.2,1,6.37,1,1,1,synthetic_physics_based
SYN-01389,41.3,68.6,27.27,4.165,32.3,564.1,6.1,0.0,8.5,4.9,74,26.9,0,4.88,0,1,1,synthetic_physics_based
SYN-01390,30.0,48.4,18.38,1.822,70.0,827.1,8.8,11.3,18.9,8.8,74,19.0,1,1.33,0,2,0,synthetic_physics_based
SYN-01391,25.2,36.6,11.39,1.052,49.4,175.5,13.2,0.0,12.9,5.9,36,24.0,1,1.26,0,1,0,synthetic_physics_based
SYN-01392,21.6,43.0,21.36,3.903,83.9,562.3,1.0,0.0,13.5,8.2,89,28.5,1,0.53,0,1,1,synthetic_physics_based
SYN-01393,23.7,44.8,21.09,2.838,83.3,831.2,16.3,0.0,19.7,9.7,57,27.3,1,3.0,0,2,1,synthetic_physics_based
SYN-01394,31.4,68.9,37.43,1.008,49.5,574.8,11.0,2.1,20.5,11.9,74,38.0,0,5.7,1,2,1,synthetic_physics_based
SYN-01395,27.4,56.0,28.56,2.07,84.1,696.2,5.9,0.0,18.7,10.4,83,25.8,1,3.53,0,1,0,synthetic_physics_based
SYN-01396,38.2,54.2,15.98,0.938,89.8,384.8,1.7,14.7,4.2,5.9,45,25.7,1,2.69,0,0,0,synthetic_physics_based
SYN-01397,29.5,52.0,22.47,4.085,79.5,133.2,3.7,0.0,11.4,5.3,79,28.1,0,0.94,0,2,1,synthetic_physics_based
SYN-01398,25.5,50.2,24.77,0.594,80.7,462.1,18.0,0.0,9.5,4.7,80,21.8,1,0.55,0,1,0,synthetic_physics_based
SYN-01399,33.6,39.5,5.89,0.661,44.9,405.0,13.9,0.0,7.1,2.8,2,35.5,0,1.09,0,0,0,synthetic_physics_based
SYN-01400,35.5,66.2,30.68,0.949,64.6,830.4,5.4,0.0,20.3,13.3,68,29.4,0,0.88,1,2,1,synthetic_physics_based
SYN-01401,23.7,36.6,12.92,2.542,34.0,269.6,1.8,15.9,19.9,11.1,50,21.8,1,0.9,0,1,0,synthetic_physics_based
SYN-01402,23.7,40.1,16.44,0.731,35.7,920.1,14.0,24.3,11.8,6.3,29,33.9,1,1.44,0,0,0,synthetic_physics_based
SYN-01403,20.8,46.2,25.38,1.541,89.9,912.3,11.7,0.6,5.6,4.2,81,18.7,0,3.62,0,2,1,synthetic_physics_based
SYN-01404,36.2,45.2,9.04,0.386,49.6,272.9,8.4,0.0,3.3,1.0,10,37.7,0,1.17,0,0,0,synthetic_physics_based
SYN-01405,34.6,46.6,12.0,0.77,74.9,363.2,7.6,0.0,11.3,4.2,27,35.3,0,1.33,0,0,0,synthetic_physics_based
SYN-01406,30.4,46.1,15.65,1.122,78.4,856.0,4.7,5.7,3.8,2.5,15,29.6,0,0.78,0,0,0,synthetic_physics_based
SYN-01407,38.6,66.2,27.59,4.283,81.5,920.0,13.6,0.0,14.6,8.3,60,20.2,0,0.83,0,2,1,synthetic_physics_based
SYN-01408,37.7,51.1,13.4,0.453,89.9,449.1,19.4,0.0,14.6,6.9,31,22.3,0,1.96,0,0,0,synthetic_physics_based
SYN-01409,32.9,43.7,10.81,0.873,44.5,338.9,3.9,0.0,20.1,11.6,21,23.6,0,1.3,0,0,0,synthetic_physics_based
SYN-01410,39.1,52.1,12.98,3.172,32.4,523.5,12.1,0.0,6.6,6.4,60,22.8,1,0.56,0,2,1,synthetic_physics_based
SYN-01411,24.5,50.2,25.63,3.692,54.7,669.0,8.8,0.0,10.1,6.2,58,28.0,1,6.65,0,2,1,synthetic_physics_based
SYN-01412,22.5,35.1,12.63,1.154,37.8,296.1,9.2,0.0,19.3,7.7,41,36.9,1,4.08,0,0,0,synthetic_physics_based
SYN-01413,25.9,47.2,21.28,3.857,31.3,712.8,5.5,0.0,12.0,8.7,46,26.9,1,3.45,0,0,1,synthetic_physics_based
SYN-01414,21.3,30.0,8.78,0.362,51.6,96.5,16.6,0.0,4.1,5.3,45,31.2,0,6.04,0,1,0,synthetic_physics_based
SYN-01415,31.7,43.7,11.98,1.258,77.0,94.4,10.0,16.9,5.1,3.6,26,31.8,1,0.93,0,0,0,synthetic_physics_based
SYN-01416,40.6,69.0,28.39,0.965,64.0,397.7,11.1,0.0,18.5,10.4,51,35.4,1,1.7,0,0,0,synthetic_physics_based
SYN-01417,20.9,31.6,10.73,0.908,48.8,368.1,6.4,0.0,17.1,7.1,36,18.7,1,5.71,0,0,0,synthetic_physics_based
SYN-01418,22.7,38.4,15.75,2.499,69.3,334.1,4.0,0.0,19.6,9.5,52,26.1,0,5.85,0,0,0,synthetic_physics_based
SYN-01419,29.9,64.2,34.24,0.496,43.9,491.9,2.2,2.1,5.3,2.4,81,33.7,0,0.57,1,2,1,synthetic_physics_based
SYN-01420,40.5,62.5,21.96,4.488,30.9,338.7,14.4,26.8,17.4,8.5,51,34.3,1,5.04,0,0,1,synthetic_physics_based
SYN-01421,27.0,31.1,4.13,1.35,75.9,223.0,4.3,5.9,15.4,7.7,3,36.5,0,1.34,0,0,0,synthetic_physics_based
SYN-01422,31.2,41.5,10.33,0.131,67.4,328.5,14.0,0.0,7.4,4.3,14,32.1,1,0.12,0,0,0,synthetic_physics_based
SYN-01423,20.9,52.9,31.95,1.194,75.7,927.4,8.1,3.0,21.5,10.8,49,22.9,0,4.75,1,0,0,synthetic_physics_based
SYN-01424,23.3,44.9,21.67,0.743,32.3,420.0,8.6,21.7,13.8,9.9,77,28.1,0,2.7,0,1,0,synthetic_physics_based
SYN-01425,41.7,46.6,4.92,1.414,80.2,450.2,9.6,3.5,20.2,11.2,1,18.6,1,0.89,0,0,0,synthetic_physics_based
SYN-01426,41.2,67.8,26.6,3.543,67.2,568.9,7.7,20.6,19.3,11.4,57,30.9,1,5.64,0,2,1,synthetic_physics_based
SYN-01427,20.1,47.4,27.26,0.75,63.8,935.0,2.5,1.7,9.3,5.9,17,29.1,0,1.19,0,0,0,synthetic_physics_based
SYN-01428,40.9,58.7,17.76,2.95,67.5,267.4,6.5,0.0,13.2,7.8,50,31.3,1,2.34,0,0,0,synthetic_physics_based
SYN-01429,34.1,41.9,7.83,0.688,81.9,663.2,13.4,0.0,11.2,6.2,14,36.6,0,0.82,0,0,0,synthetic_physics_based
SYN-01430,39.1,67.0,27.86,1.253,65.2,694.4,13.5,0.0,16.5,10.6,59,31.7,1,5.72,0,2,1,synthetic_physics_based
SYN-01431,30.0,53.5,23.51,3.078,64.9,596.6,6.1,0.0,14.2,9.6,81,24.4,1,1.72,0,2,1,synthetic_physics_based
SYN-01432,31.3,35.8,4.49,0.047,89.4,129.7,9.5,12.0,17.9,6.8,3,22.0,1,0.3,0,0,0,synthetic_physics_based
SYN-01433,30.8,47.2,16.46,0.65,75.4,659.2,4.3,0.5,3.2,1.0,40,35.1,0,5.76,0,1,0,synthetic_physics_based
SYN-01434,34.7,46.4,11.74,1.149,56.5,107.7,4.6,0.0,16.1,8.0,89,21.9,0,1.67,0,1,0,synthetic_physics_based
SYN-01435,23.1,42.6,19.55,3.635,72.4,586.5,0.9,0.0,9.1,3.3,66,21.2,1,2.32,0,1,1,synthetic_physics_based
SYN-01436,20.7,44.7,24.07,0.01,53.4,715.6,18.0,0.0,7.3,2.9,34,22.1,0,1.82,0,0,0,synthetic_physics_based
SYN-01437,26.8,27.2,0.38,1.202,43.7,239.9,4.6,3.4,18.2,9.3,9,28.2,1,0.92,0,0,0,synthetic_physics_based
SYN-01438,35.5,61.1,25.56,1.1,65.8,807.5,4.9,0.0,4.7,2.2,84,20.5,1,3.34,0,2,1,synthetic_physics_based
SYN-01439,24.4,26.1,1.69,0.781,85.7,77.3,6.0,0.0,7.3,1.8,21,36.8,0,0.33,0,0,0,synthetic_physics_based
SYN-01440,34.8,56.4,21.58,1.443,85.7,809.4,3.0,4.1,6.9,3.2,25,37.3,1,0.41,0,0,0,synthetic_physics_based
SYN-01441,41.3,63.1,21.72,0.427,50.5,464.3,13.0,0.0,11.0,8.2,44,37.5,0,5.86,0,0,0,synthetic_physics_based
SYN-01442,22.1,24.1,2.03,1.142,61.7,245.8,2.0,0.0,9.1,4.6,25,18.8,1,0.73,0,0,0,synthetic_physics_based
SYN-01443,34.8,45.4,10.56,0.862,42.7,170.4,3.1,0.0,16.7,10.1,9,36.9,1,1.49,0,0,0,synthetic_physics_based
SYN-01444,29.8,55.7,25.91,1.73,89.7,908.0,13.1,0.0,16.3,8.9,62,37.9,1,1.78,0,1,0,synthetic_physics_based
SYN-01445,39.1,55.1,15.97,0.627,88.9,115.4,7.1,18.3,9.2,5.2,26,36.8,0,1.11,0,0,0,synthetic_physics_based
SYN-01446,23.9,47.7,23.78,2.396,69.0,229.2,14.3,0.0,11.3,6.0,57,31.4,1,7.0,0,2,1,synthetic_physics_based
SYN-01447,35.2,51.9,16.66,0.819,78.3,363.0,11.4,0.0,7.0,4.9,37,32.0,1,4.25,0,0,0,synthetic_physics_based
SYN-01448,38.4,54.3,15.87,0.562,72.9,608.2,5.5,0.0,15.7,7.4,16,20.4,0,1.79,0,0,0,synthetic_physics_based
SYN-01449,40.8,59.4,18.57,0.334,65.6,540.3,13.2,0.0,10.5,6.0,37,35.5,0,0.96,0,1,0,synthetic_physics_based
SYN-01450,35.0,43.4,8.36,3.096,33.2,163.1,2.8,25.1,5.5,2.2,76,19.2,0,2.94,0,1,0,synthetic_physics_based
SYN-01451,30.9,41.6,10.64,0.714,57.3,310.8,11.0,24.8,5.4,4.0,24,24.4,1,0.99,0,0,0,synthetic_physics_based
SYN-01452,33.6,39.5,5.95,1.271,70.5,264.9,9.0,0.0,9.1,3.4,26,37.8,1,1.44,0,0,0,synthetic_physics_based
SYN-01453,39.1,47.2,8.11,0.711,70.7,242.2,5.7,0.0,17.2,10.4,20,26.4,1,1.75,0,0,0,synthetic_physics_based
SYN-01454,32.6,35.8,3.2,0.835,52.4,420.0,12.3,0.0,3.5,2.2,9,20.6,1,0.06,0,0,0,synthetic_physics_based
SYN-01455,20.7,62.0,41.33,3.474,86.5,683.6,17.5,0.0,7.9,2.4,87,37.4,1,1.17,1,2,1,synthetic_physics_based
SYN-01456,40.5,54.8,14.35,1.427,40.0,245.7,20.0,0.0,6.1,6.0,29,37.7,0,1.98,0,0,0,synthetic_physics_based
SYN-01457,35.2,49.4,14.23,0.408,60.0,380.0,12.4,0.0,21.2,12.5,31,21.7,0,0.99,0,0,0,synthetic_physics_based
SYN-01458,34.9,48.1,13.2,1.303,71.5,401.8,8.4,26.3,16.4,7.4,19,35.3,0,1.73,0,0,0,synthetic_physics_based
SYN-01459,24.7,51.2,26.41,0.586,71.8,928.8,4.9,28.2,7.4,4.3,20,25.8,1,0.37,0,0,0,synthetic_physics_based
SYN-01460,34.5,71.2,36.7,0.555,68.9,909.2,5.5,0.0,6.9,1.4,87,25.6,1,6.62,1,2,1,synthetic_physics_based
SYN-01461,28.7,52.8,24.11,0.864,46.5,770.1,9.8,0.0,19.3,8.0,27,23.3,1,1.74,0,0,0,synthetic_physics_based
SYN-01462,34.3,48.1,13.77,4.498,39.4,267.5,7.7,9.0,6.6,5.4,85,18.9,0,1.57,0,1,0,synthetic_physics_based
SYN-01463,22.3,30.3,8.0,1.461,68.2,111.2,18.3,0.0,21.9,10.3,44,23.4,1,4.53,0,1,0,synthetic_physics_based
SYN-01464,34.5,35.5,1.07,0.19,66.0,335.2,7.7,0.0,8.4,5.8,35,19.1,1,0.16,0,0,0,synthetic_physics_based
SYN-01465,42.0,66.2,24.22,3.867,40.8,290.1,7.8,0.0,4.6,4.3,71,36.5,1,1.62,0,1,1,synthetic_physics_based
SYN-01466,21.1,34.5,13.46,1.204,72.3,505.3,8.0,0.0,16.1,7.4,22,31.2,1,0.94,0,0,0,synthetic_physics_based
SYN-01467,41.5,76.7,35.23,1.395,57.3,750.0,16.8,0.0,14.6,11.1,74,35.7,0,2.59,1,2,1,synthetic_physics_based
SYN-01468,29.0,62.9,33.9,4.041,70.1,822.5,13.2,0.0,22.0,12.2,87,32.3,1,1.12,1,2,1,synthetic_physics_based
SYN-01469,39.2,57.4,18.27,0.732,80.2,810.4,12.5,11.9,18.2,10.1,15,20.6,1,1.32,0,0,0,synthetic_physics_based
SYN-01470,37.2,49.7,12.48,0.342,40.2,373.7,7.0,0.0,11.1,4.6,13,36.8,1,1.65,0,0,0,synthetic_physics_based
SYN-01471,32.5,42.3,9.84,1.142,31.1,668.5,16.4,0.0,15.9,7.3,4,36.0,0,1.47,0,0,0,synthetic_physics_based
SYN-01472,36.2,54.4,18.16,3.612,76.7,331.6,1.2,0.0,18.5,6.9,82,25.0,0,3.89,0,2,1,synthetic_physics_based
SYN-01473,39.3,50.5,11.19,4.478,66.6,104.8,17.5,22.8,12.8,5.9,56,20.2,0,6.88,0,2,0,synthetic_physics_based
SYN-01474,28.9,46.1,17.2,0.285,72.0,681.4,10.5,7.4,8.2,6.3,23,32.1,1,1.01,0,0,0,synthetic_physics_based
SYN-01475,27.2,34.8,7.56,1.079,80.3,58.8,8.3,0.0,7.0,2.3,34,32.6,1,0.92,0,0,0,synthetic_physics_based
SYN-01476,34.7,45.3,10.57,0.688,78.2,418.3,10.2,0.0,8.6,3.3,17,35.9,0,0.32,0,0,0,synthetic_physics_based
SYN-01477,37.8,41.9,4.17,0.665,87.7,346.4,13.5,0.0,19.1,8.6,28,19.1,1,1.69,0,0,0,synthetic_physics_based
SYN-01478,36.8,52.5,15.74,0.907,62.2,674.0,0.7,0.0,10.2,3.6,14,20.8,1,0.09,0,0,0,synthetic_physics_based
SYN-01479,37.6,60.4,22.8,0.236,59.3,739.6,17.5,0.0,8.4,6.0,34,30.0,0,0.53,0,0,0,synthetic_physics_based
SYN-01480,29.6,53.5,23.96,1.119,54.1,323.7,9.2,0.0,18.3,8.2,75,30.4,1,2.71,0,2,0,synthetic_physics_based
SYN-01481,38.0,62.1,24.1,3.281,39.2,780.5,7.2,3.7,3.6,1.8,57,18.7,1,2.47,0,1,1,synthetic_physics_based
SYN-01482,22.6,44.5,21.84,0.616,64.4,314.5,3.2,4.5,14.3,7.3,77,25.9,0,6.25,0,1,0,synthetic_physics_based
SYN-01483,32.0,58.9,26.96,1.635,46.6,451.7,9.1,0.0,19.6,12.2,55,29.7,0,3.49,0,0,0,synthetic_physics_based
SYN-01484,20.1,43.8,23.64,0.786,85.3,704.3,10.2,28.7,10.8,4.7,66,32.8,1,6.32,0,1,0,synthetic_physics_based
SYN-01485,27.1,46.0,18.81,1.381,65.0,673.6,8.4,0.0,8.1,3.8,37,24.3,0,6.23,0,0,0,synthetic_physics_based
SYN-01486,28.1,61.9,33.84,1.723,65.6,938.6,13.7,0.0,12.3,5.1,68,27.7,1,0.75,1,2,1,synthetic_physics_based
SYN-01487,28.7,60.0,31.29,3.296,51.3,252.6,8.7,0.0,16.6,8.2,76,34.3,1,6.63,1,1,1,synthetic_physics_based
SYN-01488,35.3,56.6,21.26,0.121,33.1,646.1,19.2,0.0,12.8,5.7,26,37.1,0,1.11,0,0,0,synthetic_physics_based
SYN-01489,28.5,45.1,16.59,0.752,31.9,598.7,12.2,28.5,3.1,1.5,61,22.6,0,6.75,0,2,0,synthetic_physics_based
SYN-01490,29.9,49.7,19.82,2.658,55.4,873.6,16.2,0.0,4.5,4.9,67,23.1,1,3.28,0,2,0,synthetic_physics_based
SYN-01491,25.2,52.9,27.64,3.076,35.1,190.7,2.6,0.0,16.7,8.9,84,36.8,1,5.37,0,2,1,synthetic_physics_based
SYN-01492,28.2,56.8,28.62,4.002,66.4,726.6,8.2,0.0,10.6,7.6,74,25.9,1,5.0,0,2,1,synthetic_physics_based
SYN-01493,25.0,51.4,26.42,0.594,82.9,561.4,7.1,0.0,17.9,11.3,52,32.4,0,3.73,0,0,0,synthetic_physics_based
SYN-01494,21.6,26.4,4.77,1.079,83.0,297.2,11.6,26.2,15.3,8.4,18,30.2,1,1.94,0,0,0,synthetic_physics_based
SYN-01495,33.3,53.5,20.26,3.208,69.5,477.0,17.3,0.0,14.0,9.2,53,23.7,0,6.66,0,0,1,synthetic_physics_based
SYN-01496,34.7,45.5,10.85,0.444,42.7,350.4,2.0,0.0,20.1,11.4,63,31.1,1,6.51,0,2,0,synthetic_physics_based
SYN-01497,33.6,53.2,19.56,1.155,81.8,571.4,1.9,0.0,3.4,1.0,53,31.1,1,4.65,0,0,0,synthetic_physics_based
SYN-01498,30.2,53.7,23.46,1.292,83.2,850.1,17.1,0.0,5.9,3.2,27,29.8,0,1.48,0,0,0,synthetic_physics_based
SYN-01499,28.4,37.5,9.19,0.932,41.8,562.4,4.7,13.8,14.9,8.5,31,20.0,1,1.59,0,0,0,synthetic_physics_based
SYN-01500,39.0,44.7,5.66,1.435,74.2,618.6,13.5,0.0,4.3,5.0,1,37.9,0,1.19,0,0,0,synthetic_physics_based
SYN-01501,31.4,38.8,7.34,0.03,47.2,516.9,11.1,0.0,15.3,7.0,6,26.0,1,1.3,0,0,0,synthetic_physics_based
SYN-01502,30.5,35.5,5.0,0.635,78.2,96.0,16.7,4.2,21.7,12.6,11,30.8,0,0.7,0,0,0,synthetic_physics_based
SYN-01503,20.6,30.1,9.58,0.157,89.8,259.6,2.9,27.0,19.7,9.0,34,35.7,1,0.08,0,0,0,synthetic_physics_based
SYN-01504,27.5,53.4,25.85,1.698,31.8,492.8,3.0,12.2,14.2,10.1,84,26.5,0,2.24,0,2,0,synthetic_physics_based
SYN-01505,28.4,49.1,20.74,2.284,83.8,329.2,11.4,0.0,20.0,12.8,63,33.5,1,1.49,0,1,0,synthetic_physics_based
SYN-01506,28.8,53.0,24.25,1.143,67.4,213.6,19.0,0.0,5.2,1.1,53,37.4,1,0.72,0,0,0,synthetic_physics_based
SYN-01507,32.8,56.3,23.54,0.366,88.4,503.7,8.6,0.0,11.6,9.0,85,25.2,1,4.18,0,2,1,synthetic_physics_based
SYN-01508,31.7,55.4,23.66,1.517,57.9,340.5,6.9,0.0,11.1,7.7,85,26.1,1,2.13,0,2,0,synthetic_physics_based
SYN-01509,33.4,43.8,10.44,0.71,80.8,282.3,12.3,0.0,9.4,7.1,18,36.1,1,0.1,0,0,0,synthetic_physics_based
SYN-01510,36.8,46.2,9.35,1.382,33.7,467.6,18.6,0.0,3.0,4.0,21,21.2,0,1.7,0,0,0,synthetic_physics_based
SYN-01511,37.9,46.5,8.65,1.498,50.1,170.0,16.8,1.4,19.9,12.7,19,18.6,0,0.15,0,0,0,synthetic_physics_based
SYN-01512,35.8,54.9,19.07,0.376,34.0,885.0,19.9,0.0,17.8,9.3,4,36.2,1,0.79,0,0,0,synthetic_physics_based
SYN-01513,41.0,73.9,32.87,0.594,88.5,830.9,0.9,22.9,15.4,10.7,77,34.4,0,2.72,1,2,1,synthetic_physics_based
SYN-01514,20.4,57.6,37.16,2.882,79.0,686.9,2.7,22.0,5.5,1.7,82,37.5,0,0.57,1,2,1,synthetic_physics_based
SYN-01515,24.3,27.4,3.14,0.62,81.2,145.6,12.4,10.3,10.2,4.4,29,19.2,0,0.73,0,0,0,synthetic_physics_based
SYN-01516,20.2,38.6,18.39,1.317,86.3,748.3,16.5,0.0,20.6,10.6,25,21.1,1,0.4,0,0,0,synthetic_physics_based
SYN-01517,34.2,56.7,22.42,0.794,35.1,777.2,6.1,0.0,14.7,8.6,56,20.1,0,0.3,0,2,0,synthetic_physics_based
SYN-01518,39.8,70.0,30.21,4.275,53.1,741.0,5.2,0.0,14.5,6.6,77,31.7,0,6.63,1,2,1,synthetic_physics_based
SYN-01519,25.4,44.6,19.26,3.93,34.3,152.6,15.8,0.0,20.3,9.4,63,30.1,0,1.51,0,1,0,synthetic_physics_based
SYN-01520,40.4,58.3,17.88,0.353,42.6,629.5,1.6,0.0,13.6,6.1,27,25.2,1,1.4,0,0,0,synthetic_physics_based
SYN-01521,21.3,48.3,26.97,3.585,43.8,800.9,7.7,0.0,14.4,7.4,60,19.1,1,6.76,0,2,1,synthetic_physics_based
SYN-01522,40.6,72.1,31.51,2.971,58.1,569.6,10.4,0.0,9.6,5.4,83,30.8,1,3.83,1,1,1,synthetic_physics_based
SYN-01523,27.7,53.1,25.32,2.381,46.1,631.8,11.4,0.0,10.1,4.4,49,29.4,1,3.78,0,1,0,synthetic_physics_based
SYN-01524,22.2,47.9,25.7,2.831,36.1,462.5,14.7,0.7,16.0,7.0,65,20.3,0,2.7,0,2,1,synthetic_physics_based
SYN-01525,30.7,46.1,15.42,0.474,40.0,525.8,7.4,5.0,9.1,5.6,38,36.2,0,3.09,0,0,0,synthetic_physics_based
SYN-01526,25.6,46.5,20.9,4.015,38.8,80.9,12.4,26.8,13.6,10.2,83,22.0,0,3.48,0,2,0,synthetic_physics_based
SYN-01527,26.3,46.6,20.35,3.523,88.4,625.1,11.9,20.3,8.3,3.9,52,32.9,1,1.23,0,0,0,synthetic_physics_based
SYN-01528,26.8,26.1,-0.61,0.915,75.6,123.3,11.2,0.0,6.2,4.7,1,35.7,1,0.92,0,0,0,synthetic_physics_based
SYN-01529,37.7,54.3,16.61,0.747,88.1,441.5,13.0,26.4,11.6,6.4,40,29.6,0,5.75,0,1,0,synthetic_physics_based
SYN-01530,31.9,49.4,17.57,4.445,56.4,313.4,5.6,19.9,7.1,4.9,81,22.9,1,1.44,0,1,0,synthetic_physics_based
SYN-01531,26.8,36.3,9.45,0.913,46.7,540.9,2.2,0.0,20.1,12.3,21,24.2,1,0.03,0,0,0,synthetic_physics_based
SYN-01532,33.4,61.0,27.59,0.797,77.9,170.1,2.8,9.1,8.8,4.8,86,35.7,1,4.63,0,1,0,synthetic_physics_based
SYN-01533,35.8,48.0,12.23,0.285,49.6,672.5,4.9,0.0,14.4,6.4,15,24.0,1,1.35,0,0,0,synthetic_physics_based
SYN-01534,26.0,48.9,22.9,4.41,48.0,765.5,10.3,0.0,8.0,2.6,50,32.9,1,0.35,0,0,1,synthetic_physics_based
SYN-01535,29.1,43.3,14.16,0.79,44.0,197.0,16.9,4.7,7.9,6.1,48,37.8,1,2.6,0,0,0,synthetic_physics_based
SYN-01536,22.7,40.6,17.93,1.372,37.8,143.9,14.2,0.0,9.7,6.3,32,38.0,1,0.37,0,0,0,synthetic_physics_based
SYN-01537,24.0,33.5,9.56,0.562,45.4,181.0,15.9,0.0,20.4,12.7,49,28.7,1,2.45,0,1,0,synthetic_physics_based
SYN-01538,35.0,66.8,31.81,3.561,51.3,839.4,7.3,18.8,10.4,6.8,68,34.5,1,4.74,1,1,1,synthetic_physics_based
SYN-01539,24.0,50.7,26.7,1.222,70.4,525.4,8.4,0.0,18.6,11.8,45,37.8,1,4.73,0,0,0,synthetic_physics_based
SYN-01540,31.6,48.9,17.35,0.878,33.8,470.5,8.2,0.0,6.7,4.0,32,25.5,1,1.87,0,0,0,synthetic_physics_based
SYN-01541,35.6,39.6,4.0,1.16,42.6,146.0,4.2,29.6,3.9,1.0,4,23.0,0,1.28,0,0,0,synthetic_physics_based
SYN-01542,22.4,40.7,18.32,4.112,78.5,634.6,1.7,14.1,17.9,10.2,65,20.3,1,4.12,0,2,0,synthetic_physics_based
SYN-01543,32.5,57.6,25.15,0.86,38.8,831.2,12.0,12.6,13.3,10.0,71,20.8,0,0.62,0,1,0,synthetic_physics_based
SYN-01544,25.6,54.7,29.02,4.045,50.6,795.4,19.8,0.0,12.6,7.4,73,35.1,1,1.4,0,1,1,synthetic_physics_based
SYN-01545,41.2,65.6,24.39,1.947,81.9,613.4,3.8,0.0,8.2,2.7,65,29.8,1,2.41,0,2,1,synthetic_physics_based
SYN-01546,30.6,54.5,23.89,2.65,39.3,117.8,1.4,0.0,4.4,3.5,80,35.5,1,5.01,0,2,1,synthetic_physics_based
SYN-01547,37.7,44.3,6.55,0.281,35.0,151.2,15.7,16.0,12.2,9.9,18,33.8,1,1.38,0,0,0,synthetic_physics_based
SYN-01548,32.1,44.4,12.25,2.887,59.1,94.4,5.4,0.0,19.5,9.9,54,31.5,1,2.53,0,0,0,synthetic_physics_based
SYN-01549,21.0,30.2,9.28,4.257,48.1,281.7,16.7,0.0,5.3,3.4,47,30.2,0,3.74,0,1,0,synthetic_physics_based
SYN-01550,33.9,42.6,8.66,0.412,63.8,172.1,14.2,0.0,20.7,12.1,6,19.0,1,1.53,0,0,0,synthetic_physics_based
SYN-01551,40.9,68.7,27.76,3.791,78.2,284.0,18.9,0.0,8.2,4.8,66,35.4,1,4.79,0,2,1,synthetic_physics_based
SYN-01552,33.2,44.9,11.7,1.417,38.2,396.6,8.5,0.0,13.1,8.4,9,26.4,0,1.67,0,0,0,synthetic_physics_based
SYN-01553,38.0,70.0,31.96,1.701,64.8,898.7,13.4,0.0,4.3,1.7,68,29.2,1,3.47,1,2,1,synthetic_physics_based
SYN-01554,39.5,53.1,13.62,0.526,60.3,599.3,9.6,20.6,11.1,7.0,23,18.4,0,0.83,0,0,0,synthetic_physics_based
SYN-01555,25.0,47.8,22.81,0.457,38.6,801.5,12.8,15.4,5.4,4.7,43,36.7,1,4.87,0,1,0,synthetic_physics_based
SYN-01556,24.7,48.3,23.59,2.488,67.4,689.3,9.3,28.1,3.9,1.8,51,36.1,0,0.61,0,1,0,synthetic_physics_based
SYN-01557,33.4,58.7,25.23,4.405,46.4,151.3,4.2,19.3,21.4,13.0,72,28.9,1,3.97,0,2,1,synthetic_physics_based
SYN-01558,29.0,53.1,24.03,0.186,59.3,712.3,10.4,0.0,16.9,8.7,25,29.5,0,1.98,0,0,0,synthetic_physics_based
SYN-01559,38.5,63.5,24.98,2.814,34.9,297.6,10.8,8.6,16.7,7.1,80,32.1,1,1.11,0,1,0,synthetic_physics_based
SYN-01560,39.8,56.4,16.56,1.083,57.6,625.2,16.3,0.0,4.7,1.0,35,23.3,0,0.74,0,0,0,synthetic_physics_based
SYN-01561,27.8,39.5,11.69,1.072,48.4,356.9,14.8,0.0,20.7,12.1,17,22.4,0,1.61,0,0,0,synthetic_physics_based
SYN-01562,25.2,45.2,19.98,0.627,79.3,947.9,13.4,0.0,11.9,3.7,18,31.5,1,0.17,0,0,0,synthetic_physics_based
SYN-01563,37.2,46.8,9.65,0.189,33.4,287.2,2.7,17.9,19.2,10.7,27,20.1,0,1.08,0,0,0,synthetic_physics_based
SYN-01564,26.0,33.9,7.84,0.557,55.1,301.2,14.6,0.0,3.2,1.0,15,27.1,1,1.72,0,0,0,synthetic_physics_based
SYN-01565,38.1,66.8,28.74,0.647,57.5,887.6,10.3,15.2,8.7,1.5,81,27.9,0,3.97,0,1,0,synthetic_physics_based
SYN-01566,29.3,43.4,14.12,2.966,73.5,72.2,17.9,0.0,21.9,13.1,69,25.6,0,6.59,0,1,0,synthetic_physics_based
SYN-01567,34.7,59.1,24.37,1.209,64.5,677.0,18.4,0.0,11.1,4.0,80,21.7,1,6.37,0,2,1,synthetic_physics_based
SYN-01568,22.1,26.2,4.1,0.834,70.0,702.8,1.6,12.8,19.9,14.4,15,25.1,1,0.64,0,0,0,synthetic_physics_based
SYN-01569,33.7,55.3,21.54,0.414,76.6,802.7,16.5,7.2,9.2,7.5,42,24.8,1,1.14,0,0,0,synthetic_physics_based
SYN-01570,29.9,61.7,31.72,0.926,81.7,927.0,1.2,0.0,13.0,7.0,34,28.0,1,0.25,1,0,0,synthetic_physics_based
SYN-01571,32.9,58.2,25.31,1.323,48.8,928.0,7.7,0.0,19.2,7.6,48,31.5,0,5.13,0,0,0,synthetic_physics_based
SYN-01572,23.7,50.9,27.24,1.924,62.3,108.7,11.1,0.0,14.5,8.4,83,37.4,0,6.67,0,1,1,synthetic_physics_based
SYN-01573,36.2,46.7,10.47,0.616,80.4,789.7,3.4,24.9,16.8,12.0,8,20.9,0,1.72,0,0,0,synthetic_physics_based
SYN-01574,39.0,47.5,8.5,0.806,89.4,631.7,15.1,0.0,7.3,5.6,10,35.5,1,0.43,0,0,0,synthetic_physics_based
SYN-01575,24.8,34.5,9.72,0.402,83.4,632.6,0.7,0.0,6.0,5.0,5,23.7,1,1.35,0,0,0,synthetic_physics_based
SYN-01576,22.1,39.0,16.85,4.415,52.3,165.5,3.8,7.6,7.4,6.4,48,29.8,0,0.73,0,0,0,synthetic_physics_based
SYN-01577,20.5,35.8,15.25,0.069,41.7,635.2,11.8,0.0,12.4,4.9,26,28.9,0,0.4,0,0,0,synthetic_physics_based
SYN-01578,34.1,67.9,33.77,3.221,59.4,934.2,14.4,18.7,18.2,11.6,86,29.1,0,1.45,1,2,1,synthetic_physics_based
SYN-01579,33.4,55.2,21.84,0.096,74.5,870.6,18.4,10.5,9.7,8.3,23,32.5,1,1.92,0,0,0,synthetic_physics_based
SYN-01580,32.0,52.9,20.84,4.129,59.6,445.2,14.3,7.1,13.7,6.6,62,25.6,1,4.35,0,1,0,synthetic_physics_based
SYN-01581,25.1,30.2,5.07,0.936,59.0,86.0,13.6,0.0,18.3,9.5,13,24.4,0,1.57,0,0,0,synthetic_physics_based
SYN-01582,28.6,41.9,13.28,0.26,80.3,376.1,8.2,0.0,7.5,6.5,9,35.1,1,1.07,0,0,0,synthetic_physics_based
SYN-01583,33.1,53.5,20.46,0.175,51.7,793.8,0.5,0.0,19.8,13.0,20,22.4,0,1.2,0,0,0,synthetic_physics_based
SYN-01584,30.9,57.8,26.82,1.954,81.6,681.3,2.8,0.0,21.1,10.3,57,21.6,1,0.74,0,1,0,synthetic_physics_based
SYN-01585,41.7,47.8,6.06,0.461,54.4,463.4,10.9,0.0,3.7,1.0,24,18.3,1,1.05,0,0,0,synthetic_physics_based
SYN-01586,23.0,34.0,11.0,0.419,49.7,99.6,13.7,0.0,4.1,2.1,33,22.2,0,1.15,0,0,0,synthetic_physics_based
SYN-01587,35.3,53.4,18.08,0.702,57.2,434.2,8.6,15.0,4.7,1.0,20,28.4,1,1.34,0,0,0,synthetic_physics_based
SYN-01588,28.9,44.0,15.06,2.248,75.7,472.1,14.7,0.0,17.8,8.5,60,28.8,1,2.01,0,2,0,synthetic_physics_based
SYN-01589,29.4,52.4,22.98,1.175,37.6,885.7,10.7,0.0,6.6,2.6,48,23.1,0,5.98,0,1,0,synthetic_physics_based
SYN-01590,35.8,53.7,17.92,2.852,41.8,627.0,1.9,0.0,16.8,10.9,64,19.4,1,3.21,0,1,0,synthetic_physics_based
SYN-01591,35.2,48.4,13.2,1.21,87.1,330.5,4.2,0.0,11.4,8.4,30,32.9,1,0.34,0,0,0,synthetic_physics_based
SYN-01592,41.8,74.5,32.66,2.105,40.5,522.8,16.9,0.0,18.9,12.1,73,33.2,1,0.27,1,2,1,synthetic_physics_based
SYN-01593,22.8,24.3,1.43,0.296,64.1,109.4,14.6,1.1,18.4,8.9,17,38.0,0,0.5,0,0,0,synthetic_physics_based
SYN-01594,22.3,42.0,19.72,0.744,64.8,925.3,17.9,0.0,21.2,11.6,14,36.0,0,1.09,0,0,0,synthetic_physics_based
SYN-01595,35.9,45.3,9.33,1.058,59.4,374.1,2.8,21.7,7.8,3.6,19,36.5,1,1.97,0,0,0,synthetic_physics_based
SYN-01596,32.7,64.8,32.03,2.751,68.7,480.1,19.8,0.0,7.4,4.4,71,34.0,1,5.06,1,2,1,synthetic_physics_based
SYN-01597,26.0,48.2,22.16,0.452,43.8,369.8,4.6,15.0,3.6,3.1,59,30.3,0,0.75,0,2,0,synthetic_physics_based
SYN-01598,21.7,42.9,21.14,1.243,63.2,664.3,0.7,18.2,10.8,5.2,67,20.6,1,4.2,0,1,0,synthetic_physics_based
SYN-01599,21.9,40.2,18.3,0.493,52.3,646.0,19.9,29.8,11.7,4.9,44,30.4,0,0.32,0,0,0,synthetic_physics_based
SYN-01600,39.7,66.3,26.6,1.182,69.7,693.8,6.0,0.0,21.3,14.1,32,19.1,0,1.8,0,0,0,synthetic_physics_based
SYN-01601,24.2,33.2,8.94,1.337,38.5,291.3,13.5,0.0,18.8,11.9,11,35.7,1,0.32,0,0,0,synthetic_physics_based
SYN-01602,27.1,27.2,0.05,0.52,64.3,334.1,3.9,0.0,6.2,3.9,2,27.6,0,1.66,0,0,0,synthetic_physics_based
SYN-01603,25.0,42.1,17.11,4.03,41.1,162.7,11.8,0.0,18.2,8.4,68,31.9,0,3.88,0,1,0,synthetic_physics_based
SYN-01604,27.8,42.2,14.41,1.066,46.7,640.0,18.1,0.0,6.4,4.8,17,19.0,1,1.09,0,0,0,synthetic_physics_based
SYN-01605,21.5,39.0,17.46,3.909,43.1,85.8,6.7,0.0,4.5,2.2,81,28.7,0,1.3,0,1,0,synthetic_physics_based
SYN-01606,31.4,46.1,14.72,0.377,41.0,587.9,13.6,0.0,18.9,7.1,40,24.0,1,2.95,0,0,0,synthetic_physics_based
SYN-01607,21.5,55.5,33.97,2.532,79.5,832.7,4.2,0.0,21.5,11.1,87,23.7,1,6.91,1,2,1,synthetic_physics_based
SYN-01608,37.6,64.4,26.75,0.904,47.1,851.7,12.7,0.0,4.7,3.3,46,25.8,1,3.16,0,1,0,synthetic_physics_based
SYN-01609,25.1,43.0,17.86,3.765,85.6,454.1,7.1,0.0,18.5,9.8,88,18.0,0,5.29,0,2,1,synthetic_physics_based
SYN-01610,31.9,44.8,12.89,0.653,88.2,463.4,4.6,0.0,19.3,11.4,4,27.3,0,0.59,0,0,0,synthetic_physics_based
SYN-01611,39.4,47.0,7.67,0.267,64.3,119.3,6.6,12.2,5.3,3.6,38,27.7,1,2.78,0,0,0,synthetic_physics_based
SYN-01612,34.3,69.6,35.28,0.409,38.6,653.7,4.0,0.0,8.4,3.0,63,35.3,1,4.15,1,1,1,synthetic_physics_based
SYN-01613,31.7,52.7,21.01,0.584,52.5,789.1,18.1,23.6,16.9,10.3,29,27.0,1,1.23,0,0,0,synthetic_physics_based
SYN-01614,27.1,36.5,9.36,0.584,77.9,270.2,8.2,0.0,18.3,11.3,19,25.3,0,0.18,0,0,0,synthetic_physics_based
SYN-01615,27.3,41.6,14.23,0.345,52.0,429.2,5.3,12.0,9.7,5.3,29,37.9,1,1.04,0,0,0,synthetic_physics_based
SYN-01616,34.7,53.4,18.71,0.323,35.2,805.0,9.2,7.6,6.0,3.3,35,29.4,0,1.03,0,0,0,synthetic_physics_based
SYN-01617,41.9,61.6,19.68,3.532,63.4,839.4,6.8,0.0,15.3,8.4,70,27.5,1,2.33,0,2,0,synthetic_physics_based
SYN-01618,34.6,42.9,8.33,0.615,80.7,268.9,15.0,0.0,16.3,11.3,23,27.9,1,0.49,0,0,0,synthetic_physics_based
SYN-01619,32.3,53.7,21.45,4.437,77.8,545.5,19.4,12.8,12.6,7.5,46,34.2,0,2.56,0,0,0,synthetic_physics_based
SYN-01620,36.1,41.2,5.16,1.303,40.5,223.2,9.0,0.0,5.8,3.4,44,24.8,1,1.28,0,0,0,synthetic_physics_based
SYN-01621,30.2,45.9,15.66,2.52,70.4,141.7,17.3,0.0,19.0,11.2,48,25.8,0,6.77,0,0,0,synthetic_physics_based
SYN-01622,21.3,48.5,27.19,2.527,43.2,870.0,11.5,25.1,15.3,9.1,52,33.1,1,4.13,0,0,0,synthetic_physics_based
SYN-01623,32.4,51.0,18.58,0.779,43.1,788.5,3.6,0.0,19.5,10.6,8,19.5,1,1.86,0,0,0,synthetic_physics_based
SYN-01624,41.1,65.8,24.75,2.972,82.4,734.0,14.0,0.0,20.7,9.4,55,35.3,0,6.4,0,1,1,synthetic_physics_based
SYN-01625,23.9,44.7,20.8,2.554,45.0,93.9,10.5,0.0,18.3,10.2,66,26.6,1,6.32,0,2,1,synthetic_physics_based
SYN-01626,35.2,64.8,29.66,3.446,45.8,809.4,13.2,0.0,21.2,12.6,77,29.6,1,3.03,0,2,1,synthetic_physics_based
SYN-01627,24.4,42.1,17.67,0.677,30.0,444.2,17.8,4.2,21.1,12.1,40,33.1,1,6.15,0,0,0,synthetic_physics_based
SYN-01628,31.8,54.5,22.75,3.989,82.2,358.2,9.1,0.0,14.8,7.4,85,23.3,0,0.64,0,2,1,synthetic_physics_based
SYN-01629,22.1,39.6,17.48,0.714,77.6,541.8,18.1,0.0,16.8,9.0,31,35.8,1,1.42,0,0,0,synthetic_physics_based
SYN-01630,29.9,48.0,18.08,2.835,67.6,132.2,15.1,0.0,16.3,10.4,48,37.6,0,2.31,0,0,0,synthetic_physics_based
SYN-01631,36.6,54.4,17.77,0.678,75.0,731.0,10.0,0.0,14.8,5.6,61,27.9,1,4.04,0,1,0,synthetic_physics_based
SYN-01632,27.6,51.8,24.15,1.6,39.1,574.2,12.3,0.0,3.4,1.0,52,36.7,1,2.03,0,1,0,synthetic_physics_based
SYN-01633,34.6,43.4,8.73,0.484,57.5,217.9,6.8,0.0,9.8,5.6,38,18.0,0,6.9,0,0,0,synthetic_physics_based
SYN-01634,37.5,43.6,6.09,0.645,51.1,219.4,19.7,0.0,4.9,4.3,36,35.9,0,0.69,0,1,0,synthetic_physics_based
SYN-01635,40.4,63.6,23.23,3.569,35.6,215.8,13.5,0.0,8.7,7.5,87,24.2,1,3.24,0,2,1,synthetic_physics_based
SYN-01636,25.2,34.0,8.86,1.486,59.2,101.3,1.4,0.0,4.3,3.7,55,24.2,1,4.42,0,0,0,synthetic_physics_based
SYN-01637,28.8,57.4,28.61,1.065,85.2,579.0,6.9,0.0,20.5,10.4,85,22.6,1,4.39,0,2,1,synthetic_physics_based
SYN-01638,23.4,39.0,15.67,0.295,32.4,806.3,12.7,13.1,11.6,3.7,13,24.3,0,1.64,0,0,0,synthetic_physics_based
SYN-01639,41.8,47.3,5.49,1.059,47.5,65.7,1.6,0.0,6.6,6.4,37,22.3,1,5.13,0,0,0,synthetic_physics_based
SYN-01640,40.4,59.8,19.4,0.811,42.5,94.1,1.0,20.5,14.1,6.5,47,36.1,0,5.59,0,0,0,synthetic_physics_based
SYN-01641,31.9,68.4,36.49,0.31,44.3,565.5,9.3,0.0,6.7,3.9,71,36.0,1,1.79,1,1,1,synthetic_physics_based
SYN-01642,38.5,54.7,16.2,0.434,84.5,787.5,7.0,0.0,18.3,9.9,22,20.0,1,0.61,0,0,0,synthetic_physics_based
SYN-01643,31.5,49.1,17.59,0.551,58.1,344.1,9.0,0.0,8.8,4.7,39,20.9,1,2.8,0,0,0,synthetic_physics_based
SYN-01644,33.7,63.9,30.15,4.071,58.0,364.7,5.6,0.0,9.0,3.2,87,35.2,0,6.7,1,1,1,synthetic_physics_based
SYN-01645,22.0,47.4,25.45,1.977,75.6,586.7,3.7,0.0,19.5,13.4,58,26.0,1,2.98,0,2,0,synthetic_physics_based
SYN-01646,36.6,45.1,8.47,0.021,39.3,296.8,13.9,26.3,13.6,6.2,30,21.4,1,1.78,0,0,0,synthetic_physics_based
SYN-01647,22.8,35.4,12.63,1.347,59.2,73.9,10.5,0.0,19.9,11.2,18,28.2,1,0.24,0,0,0,synthetic_physics_based
SYN-01648,38.2,57.6,19.43,0.62,55.8,711.7,4.4,0.0,10.8,5.3,18,26.3,0,0.76,0,0,0,synthetic_physics_based
SYN-01649,37.2,62.3,25.12,1.057,65.8,613.1,6.7,0.0,9.5,6.2,74,22.4,1,1.9,0,2,0,synthetic_physics_based
SYN-01650,35.6,44.8,9.26,0.763,90.0,572.7,12.0,0.0,12.6,6.6,39,32.4,1,5.06,0,1,0,synthetic_physics_based
SYN-01651,20.8,40.4,19.64,0.99,76.2,717.5,1.9,0.0,4.2,1.8,26,30.6,0,1.91,0,0,0,synthetic_physics_based
SYN-01652,26.7,43.7,17.07,3.818,53.9,657.7,3.4,7.2,5.9,4.9,71,20.0,0,4.51,0,1,0,synthetic_physics_based
SYN-01653,25.8,33.0,7.22,1.074,79.7,235.3,1.9,21.7,7.2,3.5,7,36.5,0,1.69,0,0,0,synthetic_physics_based
SYN-01654,27.9,55.3,27.39,1.863,40.2,367.2,16.3,6.4,18.5,12.3,69,29.2,0,2.37,0,2,0,synthetic_physics_based
SYN-01655,21.9,39.5,17.58,1.591,31.8,163.5,15.2,0.0,16.9,7.5,65,23.0,0,6.63,0,1,0,synthetic_physics_based
SYN-01656,40.6,55.0,14.4,3.549,42.3,166.9,15.2,0.0,6.7,3.3,46,22.1,1,2.41,0,0,0,synthetic_physics_based
SYN-01657,32.2,44.1,11.96,0.306,50.4,658.6,14.5,0.0,8.3,3.3,18,20.7,1,1.52,0,0,0,synthetic_physics_based
SYN-01658,26.7,36.4,9.71,1.195,60.6,822.7,13.6,0.0,20.9,11.6,13,26.5,1,0.33,0,0,0,synthetic_physics_based
SYN-01659,28.7,44.4,15.62,0.408,66.9,916.5,9.8,0.0,4.6,1.0,25,20.7,0,0.14,0,0,0,synthetic_physics_based
SYN-01660,29.8,40.0,10.12,1.194,84.6,615.5,13.0,0.0,13.4,8.3,8,26.3,1,1.57,0,0,0,synthetic_physics_based
SYN-01661,33.2,49.3,16.06,0.938,60.6,215.7,1.2,0.0,12.9,8.2,74,21.0,1,2.12,0,2,0,synthetic_physics_based
SYN-01662,31.3,46.9,15.52,1.151,60.1,145.1,12.6,5.4,16.8,11.5,32,31.1,0,0.88,0,0,0,synthetic_physics_based
SYN-01663,40.2,60.2,19.95,0.831,33.0,781.6,15.7,0.0,8.0,5.7,17,33.7,0,0.32,0,0,0,synthetic_physics_based
SYN-01664,30.9,67.6,36.64,2.012,32.1,570.9,10.3,0.0,20.8,12.7,79,29.0,1,4.34,1,1,1,synthetic_physics_based
SYN-01665,41.8,67.8,26.01,0.957,63.1,606.5,7.5,10.3,10.8,7.0,79,31.6,1,1.29,0,2,0,synthetic_physics_based
SYN-01666,38.7,69.7,31.0,1.527,56.3,753.3,5.9,0.0,8.4,4.3,48,36.8,1,1.98,1,0,1,synthetic_physics_based
SYN-01667,24.6,54.7,30.15,2.529,80.4,682.9,13.0,0.0,9.4,7.6,63,30.8,1,4.04,1,2,1,synthetic_physics_based
SYN-01668,40.5,60.9,20.46,0.956,39.6,801.0,14.0,23.6,9.6,6.1,40,25.3,0,1.68,0,0,0,synthetic_physics_based
SYN-01669,22.6,38.9,16.31,0.314,31.5,100.6,17.5,0.0,6.8,7.4,84,27.0,1,3.08,0,2,0,synthetic_physics_based
SYN-01670,38.0,51.3,13.27,0.537,56.9,722.8,7.2,0.0,20.6,14.0,15,35.2,0,1.74,0,0,0,synthetic_physics_based
SYN-01671,28.4,39.6,11.24,0.636,44.2,815.8,15.5,0.0,6.3,4.0,6,20.6,0,1.46,0,0,0,synthetic_physics_based
SYN-01672,39.3,63.7,24.34,1.23,33.0,307.5,11.4,0.0,19.8,11.5,63,24.5,0,0.74,0,2,1,synthetic_physics_based
SYN-01673,39.1,54.2,15.14,1.499,73.5,626.4,17.7,21.9,10.7,7.1,8,29.5,0,1.03,0,0,0,synthetic_physics_based
SYN-01674,37.7,54.7,16.98,0.87,36.7,332.7,10.8,8.2,8.1,6.8,32,31.5,1,0.18,0,0,0,synthetic_physics_based
SYN-01675,37.4,64.4,27.01,0.138,66.5,912.2,10.6,0.0,6.8,1.4,45,33.3,1,5.8,0,1,1,synthetic_physics_based
SYN-01676,26.7,37.4,10.72,1.369,46.9,80.1,11.8,0.0,12.6,8.9,52,24.4,1,6.32,0,0,0,synthetic_physics_based
SYN-01677,21.8,45.7,23.91,3.919,40.4,571.8,15.1,23.8,15.7,9.2,79,20.9,0,6.37,0,1,0,synthetic_physics_based
SYN-01678,28.9,57.3,28.47,2.444,52.8,199.9,19.3,0.0,20.1,12.7,82,37.1,1,2.75,0,2,1,synthetic_physics_based
SYN-01679,23.8,36.4,12.6,0.669,78.1,691.0,1.9,0.0,15.4,7.4,13,19.5,1,1.1,0,0,0,synthetic_physics_based
SYN-01680,35.3,44.0,8.67,0.801,53.5,208.3,1.5,0.0,12.2,5.6,24,19.9,1,0.67,0,0,0,synthetic_physics_based
SYN-01681,27.6,36.6,9.01,1.464,75.0,261.8,18.8,0.0,3.6,2.5,40,27.9,1,2.54,0,0,0,synthetic_physics_based
SYN-01682,41.5,54.3,12.82,1.473,37.5,494.9,10.8,14.5,20.4,12.7,14,34.4,1,0.31,0,0,0,synthetic_physics_based
SYN-01683,34.1,68.0,33.91,4.165,76.4,873.4,12.5,17.6,20.1,9.2,75,33.5,0,1.65,1,2,1,synthetic_physics_based
SYN-01684,38.1,60.1,22.0,2.938,44.2,240.5,9.9,10.3,10.2,5.0,70,36.8,1,4.68,0,2,1,synthetic_physics_based
SYN-01685,22.9,38.9,15.98,3.99,70.6,179.8,2.3,8.6,3.6,1.0,62,20.8,1,6.5,0,1,0,synthetic_physics_based
SYN-01686,39.0,76.3,37.35,2.765,63.9,733.1,15.5,0.0,16.9,9.9,89,25.5,1,2.1,1,2,1,synthetic_physics_based
SYN-01687,40.3,65.1,24.82,1.685,85.7,500.6,15.1,0.0,18.0,12.9,61,23.6,1,4.8,0,1,0,synthetic_physics_based
SYN-01688,30.7,43.6,12.9,1.318,53.2,870.6,6.6,0.0,13.3,6.8,1,35.2,0,0.39,0,0,0,synthetic_physics_based
SYN-01689,33.3,59.1,25.76,0.663,34.0,182.0,6.5,0.0,10.7,7.0,89,27.8,1,1.03,0,1,0,synthetic_physics_based
SYN-01690,36.8,60.2,23.36,1.267,31.1,631.3,16.8,0.0,19.2,10.7,66,18.5,1,0.99,0,2,1,synthetic_physics_based
SYN-01691,23.8,36.8,13.0,1.385,79.6,259.6,1.9,5.2,6.7,4.2,32,32.2,1,0.71,0,0,0,synthetic_physics_based
SYN-01692,31.1,36.7,5.66,1.325,61.5,191.1,17.7,29.5,11.4,5.3,13,25.8,0,0.49,0,0,0,synthetic_physics_based
SYN-01693,28.8,48.4,19.61,1.074,76.5,665.1,5.5,0.0,3.5,2.9,33,28.6,1,1.95,0,0,0,synthetic_physics_based
SYN-01694,23.2,51.9,28.68,0.546,44.1,584.3,12.1,8.0,6.1,3.1,32,35.9,0,0.05,0,0,0,synthetic_physics_based
SYN-01695,28.1,51.2,23.15,0.896,50.7,729.3,18.8,0.0,20.9,14.2,56,23.1,1,1.06,0,2,0,synthetic_physics_based
SYN-01696,21.5,26.1,4.6,0.474,31.8,328.5,13.7,0.0,14.0,6.9,24,22.8,1,0.5,0,0,0,synthetic_physics_based
SYN-01697,20.6,24.3,3.73,0.379,87.7,453.2,8.6,0.8,18.3,11.5,4,23.3,0,1.62,0,0,0,synthetic_physics_based
SYN-01698,23.0,46.7,23.71,3.048,70.1,414.9,13.9,0.0,12.2,9.7,88,24.8,0,5.15,0,2,1,synthetic_physics_based
SYN-01699,41.2,54.8,13.58,1.496,86.0,935.7,7.2,0.0,18.9,12.2,23,20.1,0,0.37,0,0,0,synthetic_physics_based
SYN-01700,32.1,44.1,12.0,1.206,45.9,313.0,5.9,3.0,13.2,5.9,29,31.9,1,1.39,0,0,0,synthetic_physics_based
SYN-01701,41.2,58.9,17.69,1.095,66.7,315.3,19.9,20.6,3.1,1.0,21,22.1,1,0.52,0,0,0,synthetic_physics_based
SYN-01702,29.5,42.3,12.75,0.678,70.7,369.1,15.1,28.3,20.1,11.7,30,36.5,1,0.97,0,0,0,synthetic_physics_based
SYN-01703,26.9,35.0,8.12,0.468,49.1,558.1,13.1,1.7,5.8,3.3,20,22.3,0,0.26,0,0,0,synthetic_physics_based
SYN-01704,31.1,37.7,6.57,1.284,80.9,277.1,7.4,0.0,11.6,7.1,16,23.1,1,1.45,0,0,0,synthetic_physics_based
SYN-01705,29.7,56.2,26.51,3.403,86.8,873.8,1.5,0.0,12.1,8.4,67,23.9,1,0.62,0,1,1,synthetic_physics_based
SYN-01706,22.3,36.3,14.0,3.449,83.1,289.1,1.1,0.0,3.9,2.3,49,33.4,0,5.02,0,1,1,synthetic_physics_based
SYN-01707,34.1,55.3,21.17,0.904,74.3,856.2,11.3,0.0,4.0,1.3,58,26.6,1,0.66,0,1,0,synthetic_physics_based
SYN-01708,24.8,44.8,20.07,1.131,46.6,143.1,15.4,0.0,17.5,9.9,44,34.4,0,4.19,0,0,0,synthetic_physics_based
SYN-01709,33.6,52.7,19.02,1.302,46.9,640.9,11.0,0.0,8.7,7.1,25,33.7,1,1.15,0,0,0,synthetic_physics_based
SYN-01710,34.3,52.9,18.64,0.587,87.8,866.3,16.9,3.1,10.8,6.0,23,36.6,0,1.21,0,0,0,synthetic_physics_based
SYN-01711,23.3,37.9,14.57,3.162,30.6,201.9,1.2,14.7,13.7,10.8,59,33.1,0,0.74,0,2,1,synthetic_physics_based
SYN-01712,21.3,34.0,12.64,0.382,73.0,921.5,7.7,0.0,10.1,6.9,1,19.0,1,0.3,0,0,0,synthetic_physics_based
SYN-01713,37.2,43.8,6.59,1.372,72.4,457.6,5.1,11.1,17.7,10.9,15,34.7,1,1.31,0,0,0,synthetic_physics_based
SYN-01714,30.1,66.4,36.29,1.241,67.4,901.1,9.2,0.0,19.8,10.1,81,36.8,0,4.14,1,1,1,synthetic_physics_based
SYN-01715,21.3,65.1,43.79,3.104,89.4,659.1,1.9,0.0,4.1,2.1,81,37.9,1,4.38,1,1,1,synthetic_physics_based
SYN-01716,41.9,56.6,14.76,4.135,48.7,321.4,19.1,0.0,15.1,9.1,52,20.5,1,6.26,0,0,0,synthetic_physics_based
SYN-01717,21.3,36.6,15.36,2.135,50.4,219.5,4.9,25.0,9.0,4.9,58,30.3,0,0.61,0,2,0,synthetic_physics_based
SYN-01718,35.3,50.5,15.21,0.969,34.7,323.4,18.5,0.0,14.1,9.6,41,22.0,1,6.27,0,0,0,synthetic_physics_based
SYN-01719,41.6,48.4,6.77,0.268,56.6,133.7,8.8,0.0,12.2,7.0,44,23.3,1,1.83,0,1,0,synthetic_physics_based
SYN-01720,25.3,27.6,2.29,1.453,45.7,179.5,19.7,0.0,9.3,4.3,4,32.9,1,0.91,0,0,0,synthetic_physics_based
SYN-01721,23.1,41.7,18.53,2.485,50.6,144.2,11.3,0.0,4.8,3.2,77,37.6,0,4.67,0,2,1,synthetic_physics_based
SYN-01722,22.7,51.2,28.54,4.451,80.1,430.6,18.7,0.0,13.6,7.0,68,29.9,1,6.84,0,1,1,synthetic_physics_based
SYN-01723,26.7,40.0,13.29,0.554,86.1,766.0,0.6,0.0,5.1,3.9,7,35.0,1,0.7,0,0,0,synthetic_physics_based
SYN-01724,22.2,28.6,6.37,4.069,41.1,177.2,15.1,0.0,6.0,2.6,46,18.2,1,3.1,0,0,0,synthetic_physics_based
SYN-01725,35.2,41.8,6.62,0.937,52.4,167.3,18.1,0.0,21.7,14.8,9,18.7,0,0.16,0,0,0,synthetic_physics_based
SYN-01726,21.4,48.4,27.06,2.322,85.7,629.1,3.2,0.0,9.0,2.8,87,29.9,1,1.91,0,1,0,synthetic_physics_based
SYN-01727,31.2,37.8,6.61,1.205,33.7,227.5,2.4,14.8,14.1,7.3,33,25.8,0,1.38,0,0,0,synthetic_physics_based
SYN-01728,41.9,52.3,10.33,0.591,35.5,137.8,8.8,26.3,8.2,4.9,33,35.8,1,0.1,0,0,0,synthetic_physics_based
SYN-01729,37.9,52.8,14.9,4.151,39.8,200.2,18.7,0.0,19.4,10.1,84,24.0,1,5.94,0,2,1,synthetic_physics_based
SYN-01730,33.5,45.7,12.17,0.97,65.7,881.4,11.1,0.0,8.4,1.3,4,26.6,0,1.91,0,0,0,synthetic_physics_based
SYN-01731,26.7,53.6,26.87,1.69,39.0,789.3,10.8,27.4,10.0,8.5,65,28.6,0,2.61,0,2,0,synthetic_physics_based
SYN-01732,33.7,45.6,11.92,0.347,88.1,368.7,3.3,4.3,14.6,9.3,34,23.5,1,0.39,0,0,0,synthetic_physics_based
SYN-01733,31.6,61.6,29.98,1.914,56.8,640.2,0.5,8.1,19.5,9.0,85,36.2,1,3.16,0,1,0,synthetic_physics_based
SYN-01734,29.4,56.5,27.11,0.872,60.1,533.5,16.3,27.3,18.5,8.7,88,27.3,0,5.06,0,1,0,synthetic_physics_based
SYN-01735,22.9,52.7,29.86,1.798,44.8,659.4,2.2,0.0,8.0,2.4,79,26.5,1,2.01,0,2,1,synthetic_physics_based
SYN-01736,39.5,71.3,31.82,4.034,58.3,664.4,12.9,9.6,18.8,10.3,64,35.0,1,3.26,1,2,1,synthetic_physics_based
SYN-01737,29.9,42.6,12.7,0.655,69.7,615.9,18.3,8.8,16.3,11.3,25,24.2,1,0.59,0,0,0,synthetic_physics_based
SYN-01738,24.3,43.6,19.28,1.466,75.1,289.5,4.6,2.1,21.8,11.7,55,34.3,1,5.34,0,0,0,synthetic_physics_based
SYN-01739,28.1,29.9,1.86,0.458,75.2,85.1,13.5,16.2,20.8,10.9,9,20.4,0,0.54,0,0,0,synthetic_physics_based
SYN-01740,29.1,33.8,4.71,0.497,64.7,460.0,2.0,0.0,13.1,8.8,17,21.7,1,0.44,0,0,0,synthetic_physics_based
SYN-01741,38.2,55.9,17.65,0.106,84.3,851.9,12.3,0.0,17.2,10.1,21,37.0,0,0.69,0,0,0,synthetic_physics_based
SYN-01742,36.1,65.3,29.19,2.413,79.0,562.5,3.7,6.1,13.8,7.7,60,34.8,0,4.82,0,1,0,synthetic_physics_based
SYN-01743,36.9,55.5,18.61,1.075,75.4,799.2,14.9,0.0,14.3,9.1,13,25.8,0,1.19,0,0,0,synthetic_physics_based
SYN-01744,20.2,37.5,17.28,0.952,33.3,942.5,6.4,0.0,4.9,1.0,3,30.8,1,0.48,0,0,0,synthetic_physics_based
SYN-01745,29.2,42.1,12.99,1.102,30.4,197.3,9.5,1.3,3.0,2.5,68,36.9,1,5.69,0,2,1,synthetic_physics_based
SYN-01746,30.6,38.8,8.22,0.172,42.7,672.6,12.2,0.0,3.9,4.2,4,22.2,0,0.57,0,0,0,synthetic_physics_based
SYN-01747,20.4,33.8,13.34,0.565,69.8,656.9,3.8,0.0,21.4,10.1,7,19.2,1,0.42,0,0,0,synthetic_physics_based
SYN-01748,25.7,53.4,27.68,1.116,54.7,932.0,15.0,0.0,5.4,2.6,26,28.7,1,0.11,0,0,0,synthetic_physics_based
SYN-01749,36.7,64.3,27.54,1.678,54.1,937.0,6.4,0.0,3.8,1.0,75,20.9,1,0.67,0,1,0,synthetic_physics_based
SYN-01750,23.0,38.2,15.2,0.022,83.1,668.0,13.4,0.0,8.9,4.4,24,21.7,1,1.02,0,0,0,synthetic_physics_based
SYN-01751,31.8,38.5,6.73,0.494,83.7,269.3,3.6,21.5,14.2,7.0,10,35.8,0,0.23,0,0,0,synthetic_physics_based
SYN-01752,24.7,33.6,8.84,0.636,84.6,768.7,13.9,0.0,21.0,14.3,13,18.1,0,0.44,0,0,0,synthetic_physics_based
SYN-01753,20.3,36.4,16.09,1.367,48.8,146.3,3.0,0.0,16.3,8.4,44,34.3,1,6.19,0,1,0,synthetic_physics_based
SYN-01754,25.3,40.2,14.85,0.752,71.5,752.6,8.8,5.4,8.3,5.1,39,28.3,1,3.88,0,1,0,synthetic_physics_based
SYN-01755,41.5,59.4,17.92,0.405,46.3,869.2,5.3,7.9,20.8,13.6,19,29.2,0,0.7,0,0,0,synthetic_physics_based
SYN-01756,37.6,57.3,19.71,1.73,41.4,394.6,15.1,0.0,3.7,1.0,51,31.4,1,3.92,0,0,0,synthetic_physics_based
SYN-01757,41.1,55.2,14.09,0.655,41.1,617.6,5.6,0.0,21.6,12.2,19,26.6,1,0.83,0,0,0,synthetic_physics_based
SYN-01758,30.7,45.1,14.35,1.93,50.5,437.1,17.7,4.2,4.1,1.0,76,20.3,1,0.37,0,1,0,synthetic_physics_based
SYN-01759,22.4,35.1,12.71,2.668,55.8,444.0,17.9,0.0,17.3,8.1,52,20.1,0,4.31,0,0,0,synthetic_physics_based
SYN-01760,32.1,63.3,31.25,1.16,79.9,329.3,4.3,0.0,3.9,1.0,86,33.1,1,5.06,1,2,1,synthetic_physics_based
SYN-01761,30.0,50.5,20.54,4.147,37.2,735.9,12.5,27.2,20.7,10.8,47,22.4,1,6.18,0,1,0,synthetic_physics_based
SYN-01762,38.6,54.4,15.84,0.425,74.1,892.6,2.2,0.0,5.1,1.4,30,18.6,0,1.69,0,0,0,synthetic_physics_based
SYN-01763,22.2,46.2,24.03,0.913,61.9,896.7,8.1,0.0,4.0,1.7,46,37.6,0,6.5,0,0,1,synthetic_physics_based
SYN-01764,30.7,60.6,29.88,3.341,47.3,207.3,14.4,15.9,19.9,12.5,76,37.6,1,6.9,0,1,1,synthetic_physics_based
SYN-01765,23.3,41.1,17.75,1.138,59.6,837.3,13.4,0.0,4.8,3.5,21,25.6,1,0.52,0,0,0,synthetic_physics_based
SYN-01766,27.1,45.3,18.11,2.814,48.0,713.7,12.7,0.0,18.2,14.2,75,18.5,0,6.1,0,2,1,synthetic_physics_based
SYN-01767,36.2,52.6,16.42,1.05,65.8,277.6,6.0,3.7,17.2,9.9,48,32.5,0,4.78,0,0,0,synthetic_physics_based
SYN-01768,30.5,46.6,16.09,0.912,56.0,110.6,7.9,13.3,14.4,9.0,62,34.6,0,1.36,0,2,0,synthetic_physics_based
SYN-01769,28.3,43.8,15.54,0.317,39.9,291.2,2.5,0.0,10.2,7.6,58,20.5,0,1.44,0,1,0,synthetic_physics_based
SYN-01770,28.7,50.5,21.82,1.261,37.0,871.0,14.5,11.6,20.4,9.6,18,20.7,0,0.4,0,0,0,synthetic_physics_based
SYN-01771,30.1,52.2,22.1,3.783,62.8,619.9,10.3,0.0,19.6,12.8,59,34.4,1,6.61,0,1,1,synthetic_physics_based
SYN-01772,37.3,63.3,25.98,0.625,84.1,698.9,14.3,0.0,11.1,4.8,48,36.4,1,4.77,0,0,0,synthetic_physics_based
SYN-01773,39.6,62.1,22.44,2.817,50.6,281.4,5.4,26.7,7.4,4.9,63,33.8,1,5.57,0,1,1,synthetic_physics_based
SYN-01774,41.0,45.6,4.6,0.41,74.0,697.4,6.8,26.1,8.2,6.0,12,22.0,0,1.24,0,0,0,synthetic_physics_based
SYN-01775,37.3,60.5,23.2,1.409,69.5,75.3,7.0,0.0,7.2,1.2,87,26.2,0,3.33,0,2,1,synthetic_physics_based
SYN-01776,26.9,49.8,22.87,0.103,85.9,387.8,1.0,0.0,13.3,6.8,34,30.0,0,1.39,0,0,0,synthetic_physics_based
SYN-01777,35.1,56.0,20.84,0.78,79.3,614.1,7.2,11.3,19.5,10.7,61,21.2,0,6.25,0,2,0,synthetic_physics_based
SYN-01778,29.6,53.8,24.13,2.826,64.0,181.5,16.2,0.0,17.7,8.1,87,22.2,0,6.0,0,2,1,synthetic_physics_based
SYN-01779,25.6,43.3,17.73,1.985,69.4,790.7,18.0,0.0,18.1,10.5,53,23.7,0,5.54,0,0,0,synthetic_physics_based
SYN-01780,38.5,45.5,7.02,0.788,83.9,261.5,10.6,0.0,11.5,9.0,25,28.2,1,0.72,0,0,0,synthetic_physics_based
SYN-01781,20.8,45.5,24.67,2.198,54.0,637.1,9.4,15.3,9.1,3.6,62,28.2,0,1.38,0,2,0,synthetic_physics_based
SYN-01782,39.8,44.1,4.26,1.439,49.6,414.7,1.1,0.0,17.4,11.4,4,34.3,1,1.47,0,0,0,synthetic_physics_based
SYN-01783,30.2,43.1,12.93,0.278,30.6,586.4,17.6,15.1,18.1,10.8,13,33.1,0,0.4,0,0,0,synthetic_physics_based
SYN-01784,34.0,52.8,18.8,0.237,79.6,146.7,0.8,0.0,16.2,7.0,42,36.3,0,5.9,0,1,0,synthetic_physics_based
SYN-01785,34.5,45.9,11.4,3.868,78.1,65.2,18.9,0.0,3.6,1.4,49,34.7,1,1.52,0,0,0,synthetic_physics_based
SYN-01786,39.7,72.3,32.64,4.237,36.3,868.6,10.0,23.4,14.2,8.3,78,23.1,0,3.82,1,1,1,synthetic_physics_based
SYN-01787,34.0,42.2,8.22,1.463,64.6,292.7,7.2,21.4,9.6,7.7,56,24.6,0,4.09,0,1,0,synthetic_physics_based
SYN-01788,33.5,54.4,20.94,1.7,57.8,787.7,18.5,0.0,6.7,5.0,47,28.0,1,3.09,0,0,0,synthetic_physics_based
SYN-01789,21.5,36.9,15.4,0.465,37.1,949.4,1.0,26.9,16.2,8.0,8,18.3,1,1.67,0,0,0,synthetic_physics_based
SYN-01790,31.4,47.7,16.33,1.749,88.8,240.3,11.8,0.0,8.1,5.1,55,36.1,0,6.73,0,0,0,synthetic_physics_based
SYN-01791,23.3,39.2,15.95,3.127,42.9,288.7,11.2,0.0,20.3,7.1,88,18.9,0,3.01,0,2,0,synthetic_physics_based
SYN-01792,36.2,55.6,19.4,0.433,34.0,646.6,4.8,26.1,8.7,6.2,18,24.4,1,1.23,0,0,0,synthetic_physics_based
SYN-01793,31.3,59.2,27.89,0.351,65.7,918.9,8.9,26.6,13.5,6.4,35,29.4,1,0.74,0,0,0,synthetic_physics_based
SYN-01794,35.0,72.3,37.35,1.722,74.3,874.2,13.2,0.0,18.7,8.8,89,28.4,1,5.8,1,2,1,synthetic_physics_based
SYN-01795,20.9,53.6,32.72,2.203,31.9,502.6,14.7,0.0,10.6,5.5,81,31.1,0,1.67,1,2,1,synthetic_physics_based
SYN-01796,21.9,39.0,17.09,1.021,69.5,765.6,0.5,0.0,18.7,8.5,32,28.6,1,1.91,0,0,0,synthetic_physics_based
SYN-01797,35.8,38.0,2.26,1.113,61.9,172.2,18.8,0.0,16.8,9.0,24,22.6,0,1.77,0,0,0,synthetic_physics_based
SYN-01798,21.6,34.3,12.71,1.22,36.2,929.7,3.7,15.4,20.5,12.9,7,22.0,0,0.26,0,0,0,synthetic_physics_based
SYN-01799,21.6,37.3,15.7,0.296,40.4,917.9,5.1,0.0,9.2,2.2,13,36.1,1,0.08,0,0,0,synthetic_physics_based
SYN-01800,20.3,34.1,13.83,1.419,64.1,197.4,5.6,0.0,5.0,2.7,69,23.3,0,6.53,0,2,0,synthetic_physics_based
SYN-01801,41.0,56.3,15.28,1.462,47.8,319.5,1.2,0.0,11.2,6.0,42,23.6,1,1.05,0,1,0,synthetic_physics_based
SYN-01802,36.2,46.4,10.17,0.021,86.3,140.1,2.9,0.0,17.9,10.7,31,26.3,1,0.12,0,0,0,synthetic_physics_based
SYN-01803,27.8,44.3,16.54,0.721,79.1,294.5,19.7,0.0,11.6,6.2,74,20.8,1,4.64,0,2,0,synthetic_physics_based
SYN-01804,26.5,44.4,17.92,1.243,89.0,784.4,6.6,0.0,8.0,5.9,26,28.1,0,0.7,0,0,0,synthetic_physics_based
SYN-01805,27.7,60.3,32.58,1.415,45.6,390.5,2.7,0.0,3.5,4.1,86,31.3,0,1.46,1,2,1,synthetic_physics_based
SYN-01806,37.0,54.9,17.86,1.051,88.2,129.6,2.6,5.0,8.9,6.6,76,33.7,0,1.41,0,1,0,synthetic_physics_based
SYN-01807,34.6,51.8,17.26,0.296,55.9,358.0,14.5,0.0,16.6,8.1,32,32.2,0,1.98,0,0,0,synthetic_physics_based
SYN-01808,24.1,39.3,15.21,3.857,50.9,933.2,17.2,0.0,5.8,6.2,52,21.0,1,3.92,0,0,0,synthetic_physics_based
SYN-01809,23.8,35.7,11.91,1.112,33.0,616.7,5.5,0.0,9.5,3.6,20,27.1,0,0.49,0,0,0,synthetic_physics_based
SYN-01810,22.2,41.1,18.89,0.196,33.2,424.5,0.9,0.0,3.4,3.0,40,18.8,0,4.55,0,0,0,synthetic_physics_based
SYN-01811,34.5,47.8,13.23,3.367,71.5,199.9,4.9,23.7,16.7,11.0,59,18.4,0,5.77,0,2,0,synthetic_physics_based
SYN-01812,36.8,66.6,29.83,1.974,57.5,937.6,1.6,0.0,19.7,14.1,77,26.8,0,0.42,0,2,1,synthetic_physics_based
SYN-01813,25.8,44.6,18.76,0.738,43.6,788.8,2.5,0.0,13.8,9.2,14,23.1,1,0.52,0,0,0,synthetic_physics_based
SYN-01814,20.5,39.0,18.58,1.285,66.8,303.3,8.9,24.9,3.5,1.0,44,31.7,1,1.79,0,0,0,synthetic_physics_based
SYN-01815,21.8,48.7,26.88,4.009,45.2,113.1,5.0,2.9,7.1,5.4,86,32.5,1,1.92,0,2,1,synthetic_physics_based
SYN-01816,41.3,66.2,24.9,3.763,64.7,101.0,10.6,0.0,11.3,6.1,82,35.9,1,5.1,0,2,1,synthetic_physics_based
SYN-01817,26.5,45.9,19.39,0.663,51.6,158.3,5.4,0.0,14.2,9.5,48,33.2,1,5.6,0,0,0,synthetic_physics_based
SYN-01818,36.9,50.1,13.14,0.22,79.4,572.7,18.8,0.0,12.4,7.2,43,19.0,0,2.73,0,0,0,synthetic_physics_based
SYN-01819,33.7,48.3,14.55,0.22,79.2,885.9,18.2,0.0,20.4,13.5,16,25.4,0,1.25,0,0,0,synthetic_physics_based
SYN-01820,28.4,50.5,22.07,0.305,58.6,497.1,11.6,0.0,20.8,11.6,35,23.5,1,1.16,0,0,0,synthetic_physics_based
SYN-01821,24.5,46.5,21.93,3.492,51.0,808.7,7.4,0.0,5.0,4.3,53,25.7,0,6.03,0,1,1,synthetic_physics_based
SYN-01822,22.7,27.6,4.9,1.222,51.8,451.3,7.9,25.3,5.6,2.3,34,21.2,0,1.57,0,0,0,synthetic_physics_based
SYN-01823,33.5,49.1,15.6,1.374,78.3,687.7,8.5,0.0,9.8,7.3,3,20.0,1,1.8,0,0,0,synthetic_physics_based
SYN-01824,37.0,69.5,32.46,3.591,49.7,708.7,14.7,3.6,11.0,2.9,68,28.4,0,5.48,1,2,1,synthetic_physics_based
SYN-01825,34.2,37.8,3.65,0.192,42.5,206.6,9.3,5.0,14.1,8.9,5,32.4,1,0.4,0,0,0,synthetic_physics_based
SYN-01826,31.7,31.8,0.17,0.336,35.1,375.1,17.2,0.0,17.7,10.4,10,32.0,1,0.07,0,0,0,synthetic_physics_based
SYN-01827,20.9,42.1,21.13,0.775,58.0,623.6,18.9,0.0,5.6,3.4,52,27.0,0,4.38,0,0,0,synthetic_physics_based
SYN-01828,41.3,58.1,16.84,1.016,58.9,113.6,7.1,0.0,18.3,6.9,29,28.4,0,1.69,0,0,0,synthetic_physics_based
SYN-01829,37.6,51.5,13.93,1.451,80.5,375.4,11.4,11.2,14.6,7.4,31,28.3,1,0.14,0,0,0,synthetic_physics_based
SYN-01830,26.4,55.1,28.67,1.687,43.3,531.3,2.4,0.0,21.6,13.8,66,31.8,0,4.6,0,2,1,synthetic_physics_based
SYN-01831,41.6,71.6,30.05,3.058,52.9,946.6,4.4,0.0,15.4,7.3,76,19.0,0,5.36,1,2,1,synthetic_physics_based
SYN-01832,33.2,62.8,29.61,1.328,78.5,477.1,8.6,0.0,16.6,7.0,69,32.2,1,6.09,0,2,1,synthetic_physics_based
SYN-01833,32.8,61.6,28.82,1.354,79.4,784.5,4.5,0.0,6.7,2.2,37,29.6,1,1.98,0,0,0,synthetic_physics_based
SYN-01834,36.5,52.6,16.1,0.864,53.1,438.9,17.6,22.9,17.6,11.6,27,22.0,0,0.37,0,0,0,synthetic_physics_based
SYN-01835,37.9,63.2,25.3,3.62,57.5,766.8,3.6,29.2,4.5,3.3,87,19.0,0,4.17,0,2,1,synthetic_physics_based
SYN-01836,34.4,44.7,10.24,0.999,48.2,585.9,9.4,0.0,15.5,10.7,33,20.2,1,0.19,0,0,0,synthetic_physics_based
SYN-01837,22.8,53.8,30.97,1.82,86.0,847.9,12.3,12.1,4.1,3.4,68,28.5,0,3.74,1,1,0,synthetic_physics_based
SYN-01838,27.4,49.3,21.88,2.249,37.1,419.8,14.0,14.5,5.2,1.7,59,33.2,0,0.67,0,1,0,synthetic_physics_based
SYN-01839,40.4,65.6,25.18,2.08,86.0,593.9,8.0,22.0,5.0,5.6,64,24.7,0,1.46,0,1,0,synthetic_physics_based
SYN-01840,24.9,49.0,24.09,2.119,71.0,617.0,17.4,25.1,4.0,1.4,85,25.6,0,6.41,0,2,0,synthetic_physics_based
SYN-01841,28.2,60.1,31.95,2.168,61.9,425.6,11.6,24.5,9.1,3.9,88,36.7,1,1.01,1,2,1,synthetic_physics_based
SYN-01842,29.5,40.4,10.9,0.644,32.0,179.9,9.1,0.0,21.9,12.5,44,22.3,1,4.14,0,1,0,synthetic_physics_based
SYN-01843,29.7,42.5,12.83,1.111,58.5,134.2,1.8,0.0,9.6,6.0,88,20.1,0,2.4,0,2,0,synthetic_physics_based
SYN-01844,33.5,44.6,11.16,3.528,54.5,65.0,9.6,0.0,17.5,11.0,49,24.9,0,3.98,0,0,0,synthetic_physics_based
SYN-01845,40.7,71.4,30.63,2.618,39.7,836.2,16.5,0.0,5.5,2.6,53,32.9,0,1.8,1,0,1,synthetic_physics_based
SYN-01846,25.3,55.6,30.28,2.037,69.4,262.8,12.5,0.0,11.6,8.6,74,30.5,1,3.22,1,2,1,synthetic_physics_based
SYN-01847,22.7,34.1,11.41,2.961,88.3,240.4,16.7,0.0,6.5,2.7,49,26.3,0,6.1,0,0,0,synthetic_physics_based
SYN-01848,24.3,59.4,35.02,3.885,63.7,712.4,10.1,0.0,6.6,2.1,66,37.3,0,2.76,1,1,1,synthetic_physics_based
SYN-01849,39.5,53.8,14.29,2.26,72.9,338.0,2.8,27.4,4.9,1.0,63,32.7,1,2.6,0,2,0,synthetic_physics_based
SYN-01850,34.2,46.1,11.89,0.714,34.1,505.4,0.8,0.0,11.2,5.9,25,19.2,0,1.35,0,0,0,synthetic_physics_based
SYN-01851,26.3,30.7,4.46,0.477,55.1,196.3,6.4,0.0,4.4,3.8,4,32.9,1,0.88,0,0,0,synthetic_physics_based
SYN-01852,38.0,63.4,25.4,3.043,37.0,913.8,14.1,0.0,20.3,12.3,51,18.5,0,2.83,0,0,0,synthetic_physics_based
SYN-01853,39.0,52.6,13.6,0.502,66.8,816.4,15.9,0.0,11.5,6.9,11,31.0,0,0.82,0,0,0,synthetic_physics_based
SYN-01854,38.6,55.8,17.13,0.487,86.3,827.4,6.3,16.0,18.9,9.8,17,22.2,1,1.82,0,0,0,synthetic_physics_based
SYN-01855,40.2,68.5,28.26,2.698,69.7,416.1,10.2,0.0,21.6,13.8,66,31.9,0,5.97,0,1,1,synthetic_physics_based
SYN-01856,25.5,46.5,20.98,2.316,34.6,736.1,8.7,24.3,15.9,8.9,70,24.2,0,3.95,0,2,0,synthetic_physics_based
SYN-01857,36.6,52.8,16.19,1.903,51.3,179.5,8.5,0.0,20.1,11.7,73,35.5,0,4.33,0,2,0,synthetic_physics_based
SYN-01858,30.1,49.3,19.2,1.595,63.0,57.8,5.0,13.3,5.6,1.4,69,24.7,1,0.41,0,2,0,synthetic_physics_based
SYN-01859,38.5,56.5,17.99,2.897,54.2,68.0,3.2,0.0,18.8,7.6,84,30.4,0,6.04,0,1,0,synthetic_physics_based
SYN-01860,36.0,52.6,16.58,0.849,80.0,577.9,4.3,0.0,8.2,5.9,29,23.7,1,0.09,0,0,0,synthetic_physics_based
SYN-01861,37.1,77.4,40.35,1.658,78.9,459.9,1.6,0.0,12.0,10.4,85,36.3,1,6.83,1,1,1,synthetic_physics_based
SYN-01862,34.4,66.0,31.59,1.161,66.7,516.2,4.4,0.0,15.3,9.1,73,33.6,1,1.02,1,2,1,synthetic_physics_based
SYN-01863,23.9,34.4,10.49,3.553,52.4,56.7,0.7,0.0,20.2,12.5,72,22.9,1,6.62,0,2,1,synthetic_physics_based
SYN-01864,32.0,39.0,7.0,1.197,45.3,430.4,12.7,23.2,20.3,12.5,20,37.0,0,1.69,0,0,0,synthetic_physics_based
SYN-01865,41.7,55.1,13.44,0.165,36.4,696.3,6.7,0.0,4.7,2.8,27,25.1,0,1.28,0,0,0,synthetic_physics_based
SYN-01866,40.6,50.4,9.8,0.853,51.3,448.4,19.5,0.0,9.9,3.2,8,31.0,0,0.02,0,0,0,synthetic_physics_based
SYN-01867,20.9,54.0,33.06,1.304,54.8,709.0,4.3,0.8,18.1,11.1,85,32.9,0,0.29,1,2,1,synthetic_physics_based
SYN-01868,23.6,42.4,18.77,4.015,70.5,259.7,7.2,19.0,16.4,11.4,61,18.5,0,5.17,0,2,0,synthetic_physics_based
SYN-01869,22.9,46.4,23.54,0.327,69.5,781.8,7.5,0.0,3.5,2.8,28,37.2,0,0.65,0,0,0,synthetic_physics_based
SYN-01870,36.0,59.9,23.96,0.613,34.2,579.6,0.7,0.0,11.5,6.1,87,24.9,1,1.4,0,2,1,synthetic_physics_based
SYN-01871,38.0,57.7,19.66,3.797,53.7,239.7,16.9,0.0,18.8,11.1,70,21.8,1,2.53,0,1,0,synthetic_physics_based
SYN-01872,24.7,35.7,11.04,1.336,40.9,263.0,1.1,0.0,17.0,9.4,3,35.0,0,0.79,0,0,0,synthetic_physics_based
SYN-01873,31.1,57.7,26.56,1.363,39.4,615.2,18.8,0.0,10.8,8.0,69,32.1,0,4.82,0,2,1,synthetic_physics_based
SYN-01874,38.5,64.8,26.3,4.16,79.6,796.9,17.9,0.0,17.0,9.8,73,19.7,0,6.13,0,2,1,synthetic_physics_based
SYN-01875,36.1,40.5,4.36,0.579,32.5,424.1,10.9,0.0,13.5,8.6,7,20.3,0,0.07,0,0,0,synthetic_physics_based
SYN-01876,31.9,51.7,19.76,3.582,55.2,282.5,11.1,0.0,20.3,13.0,60,32.3,0,2.67,0,2,0,synthetic_physics_based
SYN-01877,33.0,43.2,10.18,0.136,40.1,830.3,13.2,0.0,14.2,9.0,4,19.5,1,1.21,0,0,0,synthetic_physics_based
SYN-01878,31.2,47.9,16.75,0.121,82.8,652.3,8.0,0.0,10.6,6.1,5,36.3,0,0.56,0,0,0,synthetic_physics_based
SYN-01879,26.5,34.7,8.11,0.204,63.4,453.3,13.1,0.0,19.4,8.6,11,32.8,0,0.36,0,0,0,synthetic_physics_based
SYN-01880,32.4,44.9,12.52,0.844,43.9,489.1,1.4,0.0,3.9,3.0,15,24.7,0,0.15,0,0,0,synthetic_physics_based
SYN-01881,35.2,54.6,19.47,1.541,60.1,233.8,1.6,0.0,20.1,12.6,64,25.3,1,3.1,0,2,0,synthetic_physics_based
SYN-01882,39.2,64.3,25.13,0.416,73.9,614.1,9.4,9.9,16.2,6.7,13,28.1,1,1.14,0,0,0,synthetic_physics_based
SYN-01883,34.0,40.3,6.27,0.97,87.5,372.9,11.2,13.2,20.9,12.3,7,25.2,1,1.07,0,0,0,synthetic_physics_based
SYN-01884,36.7,50.2,13.48,0.023,43.2,946.1,17.8,0.0,7.8,4.4,6,33.7,0,1.97,0,0,0,synthetic_physics_based
SYN-01885,23.5,48.0,24.51,3.069,83.2,482.2,2.5,0.0,16.2,5.7,56,37.5,0,6.95,0,2,1,synthetic_physics_based
SYN-01886,30.2,50.0,19.85,3.377,86.1,487.3,16.5,8.6,18.4,10.8,64,29.7,0,0.57,0,1,0,synthetic_physics_based
SYN-01887,20.2,38.1,17.9,0.465,85.0,559.3,4.6,0.0,16.3,11.2,50,26.9,0,3.57,0,0,0,synthetic_physics_based
SYN-01888,25.4,47.7,22.24,0.458,68.1,875.1,8.2,0.0,7.0,4.0,30,22.5,1,0.6,0,0,0,synthetic_physics_based
SYN-01889,36.0,51.1,15.08,0.068,67.8,770.7,6.7,0.0,8.2,1.6,22,31.1,0,0.55,0,0,0,synthetic_physics_based
SYN-01890,41.8,57.8,15.94,0.879,54.2,456.0,8.3,0.0,13.8,8.3,25,31.7,0,1.15,0,0,0,synthetic_physics_based
SYN-01891,22.2,42.8,20.66,0.334,75.1,696.8,3.4,0.0,11.5,8.1,28,31.7,1,0.66,0,0,0,synthetic_physics_based
SYN-01892,28.8,51.7,22.87,4.199,61.9,577.6,10.3,0.0,17.0,8.2,84,18.5,0,4.22,0,1,1,synthetic_physics_based
SYN-01893,37.6,59.6,21.95,1.03,70.6,493.1,16.1,0.0,10.2,5.4,39,36.0,1,6.74,0,0,0,synthetic_physics_based
SYN-01894,24.5,40.4,15.93,3.852,55.7,223.1,9.1,0.0,19.3,10.2,67,24.8,0,2.46,0,2,0,synthetic_physics_based
SYN-01895,32.2,32.9,0.72,1.273,73.9,467.5,10.1,21.3,11.2,6.4,5,32.9,0,1.28,0,0,0,synthetic_physics_based
SYN-01896,36.1,58.3,22.19,2.739,79.5,271.2,17.1,0.0,3.8,1.6,65,33.2,0,5.73,0,2,1,synthetic_physics_based
SYN-01897,33.6,51.5,17.91,1.004,38.8,873.4,14.3,26.3,3.3,4.0,15,31.0,1,0.93,0,0,0,synthetic_physics_based
SYN-01898,24.1,42.4,18.28,1.5,80.0,351.9,10.1,0.0,15.3,10.5,67,25.9,0,3.36,0,2,0,synthetic_physics_based
SYN-01899,27.8,54.6,26.79,0.867,62.4,907.0,5.5,0.0,13.3,6.5,40,30.2,0,4.86,0,0,0,synthetic_physics_based
SYN-01900,37.2,59.3,22.04,1.621,80.7,529.7,17.8,17.7,13.3,9.4,69,18.8,0,6.05,0,1,0,synthetic_physics_based
SYN-01901,32.2,63.8,31.59,3.607,55.9,618.4,11.8,0.0,18.0,7.5,77,33.2,1,3.03,1,1,1,synthetic_physics_based
SYN-01902,20.1,36.1,15.94,0.196,52.7,538.6,4.8,1.4,10.1,4.5,43,20.0,1,3.82,0,0,0,synthetic_physics_based
SYN-01903,36.7,44.5,7.72,1.072,84.9,166.4,5.7,22.9,21.9,13.1,1,25.9,0,0.38,0,0,0,synthetic_physics_based
SYN-01904,20.8,26.2,5.45,1.021,45.1,388.2,16.2,2.1,21.0,11.8,22,20.1,0,1.95,0,0,0,synthetic_physics_based
SYN-01905,36.4,54.9,18.51,1.281,80.7,139.2,1.4,0.0,3.2,2.1,62,34.7,1,3.25,0,2,1,synthetic_physics_based
SYN-01906,24.5,56.8,32.39,0.722,59.0,610.7,19.8,0.0,20.0,11.7,79,29.0,1,4.52,1,1,1,synthetic_physics_based
SYN-01907,41.1,57.1,16.06,1.2,60.8,452.2,3.0,0.0,15.9,8.1,26,31.8,1,1.82,0,0,0,synthetic_physics_based
SYN-01908,28.1,43.7,15.57,0.402,48.5,750.2,16.0,0.0,12.5,8.9,18,31.7,0,0.73,0,0,0,synthetic_physics_based
SYN-01909,27.2,46.4,19.17,4.002,64.4,248.4,8.2,0.0,14.1,8.9,48,34.8,0,0.58,0,0,0,synthetic_physics_based
SYN-01910,23.3,25.7,2.46,1.376,49.5,198.1,10.1,0.0,19.0,10.4,9,20.7,1,1.54,0,0,0,synthetic_physics_based
SYN-01911,26.7,34.2,7.46,1.133,32.4,415.7,17.7,0.0,21.1,13.1,1,31.2,1,0.46,0,0,0,synthetic_physics_based
SYN-01912,39.3,58.2,18.88,0.983,46.3,883.9,8.6,0.0,13.6,8.3,9,29.5,1,1.04,0,0,0,synthetic_physics_based
SYN-01913,41.9,61.5,19.56,0.381,30.4,689.4,11.0,23.1,6.4,3.3,23,18.6,0,0.22,0,0,0,synthetic_physics_based
SYN-01914,28.1,45.6,17.5,1.048,88.7,427.0,1.5,12.6,15.2,8.0,45,22.0,1,5.32,0,1,0,synthetic_physics_based
SYN-01915,29.9,43.8,13.98,1.33,87.9,515.5,0.5,26.0,4.4,1.0,2,23.4,1,0.16,0,0,0,synthetic_physics_based
SYN-01916,35.9,34.3,-1.55,0.346,53.7,125.8,5.3,0.0,15.1,7.5,14,19.5,1,0.57,0,0,0,synthetic_physics_based
SYN-01917,39.5,53.2,13.74,1.059,73.7,936.1,13.8,0.0,18.4,9.9,38,25.1,0,2.04,0,1,0,synthetic_physics_based
SYN-01918,33.0,40.6,7.6,0.591,50.7,649.8,2.9,0.0,9.7,5.6,40,18.5,1,1.38,0,0,0,synthetic_physics_based
SYN-01919,28.6,52.9,24.3,4.08,70.3,306.9,2.7,0.0,4.4,1.1,63,29.1,1,2.21,0,1,1,synthetic_physics_based
SYN-01920,29.1,55.5,26.45,3.221,78.3,577.2,8.5,0.0,16.2,9.1,82,22.2,1,1.88,0,2,1,synthetic_physics_based
SYN-01921,35.3,37.9,2.58,0.251,86.8,148.5,13.1,0.0,9.4,4.5,16,23.7,1,0.9,0,0,0,synthetic_physics_based
SYN-01922,20.1,55.3,35.21,0.741,54.0,919.3,14.4,15.5,7.7,3.3,75,36.2,1,5.28,1,1,1,synthetic_physics_based
SYN-01923,33.6,39.6,6.0,1.174,77.0,207.3,4.0,0.0,16.1,9.7,6,28.1,1,1.22,0,0,0,synthetic_physics_based
SYN-01924,27.8,35.5,7.68,1.113,46.0,633.2,2.1,9.6,21.4,12.2,3,23.4,0,1.45,0,0,0,synthetic_physics_based
SYN-01925,37.5,41.9,4.44,0.381,89.4,270.9,18.8,4.0,17.2,9.3,14,30.0,1,0.29,0,0,0,synthetic_physics_based
SYN-01926,22.0,42.3,20.27,1.922,31.5,695.8,5.6,3.2,12.3,7.7,66,22.0,1,2.41,0,2,1,synthetic_physics_based
SYN-01927,32.9,53.8,20.83,3.03,66.2,749.1,17.1,0.0,14.4,6.1,75,19.5,0,1.18,0,2,1,synthetic_physics_based
SYN-01928,30.6,54.1,23.5,3.996,69.6,656.1,17.3,0.0,5.7,1.4,86,18.4,0,2.61,0,2,1,synthetic_physics_based
SYN-01929,34.1,70.6,36.49,1.369,71.3,603.0,15.6,25.6,18.5,9.7,67,37.0,0,4.72,1,2,1,synthetic_physics_based
SYN-01930,21.4,39.1,17.69,0.589,37.2,853.2,3.8,0.0,14.5,7.8,31,32.5,1,0.79,0,0,0,synthetic_physics_based
SYN-01931,32.8,43.6,10.8,0.196,86.3,120.8,16.5,17.9,21.4,12.9,33,34.0,0,1.36,0,0,0,synthetic_physics_based
SYN-01932,32.4,66.8,34.44,2.279,40.9,347.8,15.5,0.0,21.6,10.9,88,37.6,1,4.59,1,2,1,synthetic_physics_based
SYN-01933,32.3,39.1,6.76,0.291,67.4,273.5,12.1,9.3,9.7,4.4,1,36.6,1,0.1,0,0,0,synthetic_physics_based
SYN-01934,33.3,57.9,24.6,0.933,43.4,939.2,7.1,0.0,21.8,13.6,44,32.7,1,6.05,0,1,0,synthetic_physics_based
SYN-01935,34.9,47.6,12.71,0.535,48.4,400.5,5.6,27.1,21.2,10.0,15,31.9,0,1.11,0,0,0,synthetic_physics_based
SYN-01936,37.7,58.1,20.37,0.443,62.8,709.4,2.9,27.1,15.2,9.9,37,24.7,1,2.38,0,0,0,synthetic_physics_based
SYN-01937,25.9,39.1,13.15,1.136,55.0,666.3,10.4,0.0,9.3,5.1,27,20.1,0,0.25,0,0,0,synthetic_physics_based
SYN-01938,38.2,48.1,9.98,3.208,39.6,240.9,11.9,12.6,17.3,8.4,48,29.5,0,4.33,0,0,0,synthetic_physics_based
SYN-01939,31.0,37.1,6.14,0.88,40.3,265.1,7.5,14.4,8.2,2.8,27,29.5,1,0.83,0,0,0,synthetic_physics_based
SYN-01940,21.7,33.1,11.41,0.292,55.1,303.2,9.8,0.0,15.0,8.0,12,37.0,1,1.6,0,0,0,synthetic_physics_based
SYN-01941,21.3,48.4,27.07,1.02,75.4,420.0,7.6,0.0,3.5,2.9,67,26.9,0,5.23,0,2,1,synthetic_physics_based
SYN-01942,27.4,39.3,11.94,0.938,83.9,260.9,13.0,0.0,14.9,8.2,30,31.8,1,0.71,0,0,0,synthetic_physics_based
SYN-01943,37.3,65.0,27.69,2.519,35.0,67.7,18.1,0.0,21.1,13.0,87,29.5,0,3.74,0,1,1,synthetic_physics_based
SYN-01944,35.6,60.3,24.71,3.828,53.6,841.5,3.7,24.2,7.5,5.4,66,21.5,0,0.78,0,2,0,synthetic_physics_based
SYN-01945,37.3,49.0,11.64,0.315,36.0,919.0,7.9,0.0,17.8,11.0,7,29.8,1,1.12,0,0,0,synthetic_physics_based
SYN-01946,31.4,44.2,12.82,0.232,31.0,357.4,3.2,19.0,8.6,6.0,34,28.8,0,1.97,0,0,0,synthetic_physics_based
SYN-01947,29.7,48.6,18.87,0.286,69.7,354.7,12.7,0.0,16.4,8.2,32,27.9,1,0.75,0,0,0,synthetic_physics_based
SYN-01948,23.2,30.7,7.5,0.155,66.1,56.4,14.7,0.0,16.3,10.1,39,28.3,1,6.68,0,0,0,synthetic_physics_based
SYN-01949,27.2,44.6,17.4,0.843,39.8,662.2,18.7,21.2,6.5,6.8,43,21.3,1,2.99,0,0,0,synthetic_physics_based
SYN-01950,29.5,56.4,26.86,0.89,44.0,792.9,5.9,0.0,14.3,9.4,43,27.3,0,6.16,0,0,0,synthetic_physics_based
SYN-01951,21.9,48.5,26.57,1.543,31.4,181.9,19.0,0.0,19.3,10.0,78,30.1,0,5.76,0,1,1,synthetic_physics_based
SYN-01952,24.9,29.8,4.96,0.627,80.1,193.7,1.7,0.0,10.3,4.8,3,27.8,0,0.28,0,0,0,synthetic_physics_based
SYN-01953,33.2,57.8,24.62,3.282,88.5,761.1,12.3,0.0,16.5,9.2,46,27.8,1,1.67,0,0,0,synthetic_physics_based
SYN-01954,36.2,55.1,18.92,1.487,38.1,604.7,1.6,0.0,15.8,9.9,32,19.6,0,1.02,0,0,0,synthetic_physics_based
SYN-01955,42.0,52.3,10.34,0.798,43.9,90.4,17.9,0.0,7.9,4.6,43,21.8,0,2.36,0,0,0,synthetic_physics_based
SYN-01956,40.5,71.5,30.95,1.925,82.1,610.3,10.8,27.4,20.5,9.6,81,24.4,1,6.8,1,1,0,synthetic_physics_based
SYN-01957,34.1,42.7,8.52,1.494,85.6,328.0,13.6,0.0,13.7,8.7,3,26.4,1,1.04,0,0,0,synthetic_physics_based
SYN-01958,29.3,52.8,23.54,2.939,55.2,381.9,16.7,0.0,9.8,6.8,74,29.9,1,1.9,0,2,1,synthetic_physics_based
SYN-01959,34.0,65.7,31.66,3.272,33.0,742.8,3.4,0.0,6.1,2.1,63,35.3,1,2.33,1,1,1,synthetic_physics_based
SYN-01960,37.3,55.0,17.71,0.952,32.4,779.8,1.3,22.6,12.0,8.0,40,21.2,0,3.8,0,0,0,synthetic_physics_based
SYN-01961,22.6,27.9,5.31,0.721,64.4,410.3,17.6,16.3,16.9,9.5,18,18.3,0,0.13,0,0,0,synthetic_physics_based
SYN-01962,29.0,53.5,24.49,2.52,53.6,902.4,6.6,4.6,14.8,8.9,67,27.0,0,5.81,0,2,1,synthetic_physics_based
SYN-01963,38.5,57.7,19.26,1.837,31.7,415.8,3.0,0.0,16.8,10.0,62,26.6,0,5.77,0,1,0,synthetic_physics_based
SYN-01964,28.4,43.8,15.39,0.464,65.0,744.7,9.6,0.0,18.0,10.4,10,29.0,1,0.42,0,0,0,synthetic_physics_based
SYN-01965,32.6,62.2,29.63,2.734,30.7,485.5,12.2,0.0,11.4,5.7,52,34.7,0,4.89,0,0,1,synthetic_physics_based
SYN-01966,32.9,68.5,35.56,3.726,77.2,857.8,1.1,26.3,12.9,7.8,73,34.0,1,3.92,1,2,1,synthetic_physics_based
SYN-01967,24.1,46.0,21.99,0.453,48.4,867.0,5.9,0.0,21.7,12.0,46,20.0,0,2.56,0,0,0,synthetic_physics_based
SYN-01968,28.0,46.1,18.15,0.315,32.4,128.7,1.1,0.0,21.4,12.3,55,36.7,0,5.89,0,0,1,synthetic_physics_based
SYN-01969,27.4,47.6,20.28,3.357,65.3,892.8,8.7,0.0,10.9,5.6,46,20.2,1,6.04,0,0,1,synthetic_physics_based
SYN-01970,20.6,52.5,31.89,3.172,53.9,793.0,18.0,0.0,16.0,9.4,75,30.7,0,0.54,1,1,1,synthetic_physics_based
SYN-01971,20.5,46.9,26.38,2.005,88.4,762.2,19.7,0.0,8.1,4.4,60,31.4,1,2.91,0,2,1,synthetic_physics_based
SYN-01972,38.3,47.4,9.07,0.638,62.7,230.8,12.9,28.9,5.9,1.7,26,31.6,1,1.59,0,0,0,synthetic_physics_based
SYN-01973,26.0,46.7,20.67,0.812,46.5,774.6,3.7,25.2,17.6,10.5,27,23.3,1,1.36,0,0,0,synthetic_physics_based
SYN-01974,31.4,48.3,16.9,1.212,72.6,815.1,18.2,0.0,11.3,7.8,38,24.6,0,1.4,0,0,0,synthetic_physics_based
SYN-01975,26.6,35.7,9.12,1.441,46.3,310.2,10.6,0.0,6.4,4.1,22,29.0,1,0.8,0,0,0,synthetic_physics_based
SYN-01976,40.7,56.9,16.25,1.309,84.3,907.0,3.5,0.0,17.4,9.3,26,22.0,0,1.67,0,0,0,synthetic_physics_based
SYN-01977,25.7,40.6,14.93,3.341,52.5,94.9,18.5,0.0,20.4,11.8,86,18.4,1,5.75,0,1,0,synthetic_physics_based
SYN-01978,29.5,52.3,22.85,1.783,63.0,184.9,15.3,7.0,20.7,10.4,69,29.2,0,3.67,0,2,0,synthetic_physics_based
SYN-01979,39.2,56.9,17.65,0.421,33.0,533.8,14.8,0.0,14.3,9.1,35,27.3,0,0.45,0,0,0,synthetic_physics_based
SYN-01980,38.5,63.4,24.91,3.302,55.6,568.2,14.3,0.0,12.1,8.0,66,31.1,1,2.4,0,1,1,synthetic_physics_based
SYN-01981,24.1,50.3,26.23,1.843,79.9,630.6,4.4,13.6,5.7,3.1,73,20.9,0,2.42,0,1,0,synthetic_physics_based
SYN-01982,37.7,56.8,19.1,0.927,78.3,65.3,4.6,22.6,18.1,10.1,51,34.8,1,5.56,0,0,0,synthetic_physics_based
SYN-01983,30.1,47.8,17.68,0.018,43.5,914.3,13.9,0.0,21.0,10.0,18,20.9,0,1.73,0,0,0,synthetic_physics_based
SYN-01984,30.6,51.0,20.41,0.175,43.6,90.1,4.8,0.0,19.9,11.8,43,35.8,1,2.37,0,1,0,synthetic_physics_based
SYN-01985,22.9,30.1,7.15,1.386,79.0,178.8,9.1,14.5,17.3,9.2,12,27.0,1,0.71,0,0,0,synthetic_physics_based
SYN-01986,21.8,25.0,3.27,1.273,85.8,62.6,15.7,6.8,3.1,1.0,3,29.0,0,1.38,0,0,0,synthetic_physics_based
SYN-01987,36.0,64.2,28.16,1.529,35.7,560.2,15.8,0.0,10.7,6.1,82,35.9,1,5.83,0,1,1,synthetic_physics_based
SYN-01988,30.9,39.6,8.68,0.925,57.0,889.0,9.3,25.5,10.8,5.8,7,24.0,1,1.63,0,0,0,synthetic_physics_based
SYN-01989,29.6,41.2,11.57,0.434,50.2,649.4,15.9,20.5,20.0,9.5,6,21.6,1,1.31,0,0,0,synthetic_physics_based
SYN-01990,36.0,70.6,34.54,2.659,82.2,790.4,16.9,24.9,4.2,3.8,82,26.9,0,4.26,1,2,1,synthetic_physics_based
SYN-01991,36.8,47.6,10.72,0.905,35.0,62.0,13.3,17.3,13.1,6.6,45,22.9,1,4.06,0,0,0,synthetic_physics_based
SYN-01992,23.5,55.9,32.4,2.849,42.7,537.8,5.0,0.0,5.6,2.0,86,28.6,0,1.31,1,2,1,synthetic_physics_based
SYN-01993,33.4,46.6,13.17,0.562,75.1,463.6,5.8,13.2,15.6,10.3,39,23.5,0,0.67,0,0,0,synthetic_physics_based
SYN-01994,23.0,45.9,22.95,2.487,33.1,499.1,6.6,0.0,18.1,10.6,51,35.3,0,3.96,0,0,1,synthetic_physics_based
SYN-01995,36.5,40.6,4.1,0.312,59.6,115.0,2.8,0.0,15.2,6.9,9,30.1,1,1.51,0,0,0,synthetic_physics_based
SYN-01996,34.5,41.2,6.7,1.422,56.5,666.0,5.8,0.0,18.1,10.0,23,18.0,1,1.15,0,0,0,synthetic_physics_based
SYN-01997,41.0,59.5,18.45,1.42,50.1,502.9,4.6,0.0,14.5,6.9,12,34.1,0,1.39,0,0,0,synthetic_physics_based
SYN-01998,21.5,55.7,34.18,2.165,53.7,738.6,9.4,0.0,6.6,1.8,88,24.6,1,3.04,1,2,1,synthetic_physics_based
SYN-01999,21.3,45.0,23.79,2.231,61.8,486.8,18.2,13.6,10.3,3.7,62,24.4,1,1.97,0,1,0,synthetic_physics_based
SYN-02000,26.2,49.6,23.39,4.416,39.7,184.4,2.5,0.0,21.2,12.7,73,25.7,0,5.56,0,2,1,synthetic_physics_based
